{"gradients/embedding.encode.2.bias":{"_type":"histogram","values":[2,0,0,0,0,0,0,0,0,0,0,0,1,0,0,0,1,0,0,0,1,0,0,0,0,2,0,0,1,2,0,0,0,0,0,1,0,0,1,1,0,0,1,0,0,2,0,0,0,1,0,1,0,0,0,0,0,0,1,0,0,0,0,1],"bins":[-0.004601756110787392,-0.004464349243789911,-0.004326941911131144,-0.004189535044133663,-0.0040521277114748955,-0.003914720844477415,-0.003777313744649291,-0.003639906644821167,-0.003502499544993043,-0.003365092445164919,-0.003227685345336795,-0.003090278245508671,-0.0029528713785111904,-0.0028154642786830664,-0.0026780571788549423,-0.0025406500790268183,-0.0024032429791986942,-0.00226583587937057,-0.002128428779542446,-0.001991021679714322,-0.0018536146963015199,-0.0017162075964733958,-0.0015788006130605936,-0.0014413935132324696,-0.0013039864134043455,-0.0011665793135762215,-0.0010291722137480974,-0.0008917652303352952,-0.0007543581305071712,-0.0006169510306790471,-0.000479543989058584,-0.0003421369183342904,-0.0002047298476099968,-6.73227768857032e-05,7.008429383859038e-05,0.00020749136456288397,0.00034489843528717756,0.00048230550601147115,0.0006197125767357647,0.0007571196183562279,0.0008945267181843519,0.001031933818012476,0.0011693409178406,0.0013067479012534022,0.0014441550010815263,0.0015815621009096503,0.0017189690843224525,0.0018563761841505766,0.0019937832839787006,0.0021311903838068247,0.0022685974836349487,0.0024060045834630728,0.002543411683291197,0.002680818550288677,0.0028182256501168013,0.0029556327499449253,0.0030930398497730494,0.0032304469496011734,0.0033678540494292974,0.0035052611492574215,0.003642668016254902,0.003780075116083026,0.00391748221591115,0.004054889548569918,0.004192296415567398]},"gradients/embedding.decode.2.bias":{"_type":"histogram","values":[1,0,0,0,0,0,2,3,1,1,2,2,0,1,2,2,1,0,0,1,2,1,0,2,3,2,3,0,3,1,0,2,1,0,3,0,1,0,0,0,0,0,0,0,0,1,0,0,0,2,1,0,1,0,0,0,0,0,0,0,0,0,1,1],"bins":[-0.009119365364313126,-0.008733546361327171,-0.008347727358341217,-0.007961907424032688,-0.007576088421046734,-0.00719026941806078,-0.006804449949413538,-0.006418630946427584,-0.006032811477780342,-0.005646992474794388,-0.0052611734718084335,-0.004875354003161192,-0.004489535000175238,-0.004103715531527996,-0.0037178965285420418,-0.003332077292725444,-0.002946258056908846,-0.002560438821092248,-0.00217461958527565,-0.001788800465874374,-0.001402981230057776,-0.001017161994241178,-0.000631342816632241,-0.00024552360991947353,0.00014029559679329395,0.0005261148326098919,0.0009119340102188289,0.001297753187827766,0.0016835724236443639,0.00206939154304564,0.002455210778862238,0.002841030014678836,0.003226849250495434,0.0036126684863120317,0.00399848772212863,0.004384306725114584,0.0047701261937618256,0.00515594519674778,0.0055417646653950214,0.005927583668380976,0.006313403137028217,0.006699222140014172,0.007085041143000126,0.0074708606116473675,0.007856680080294609,0.008242499083280563,0.008628318086266518,0.009014137089252472,0.009399956092238426,0.009785776026546955,0.01017159502953291,0.010557414032518864,0.010943233035504818,0.011329052969813347,0.011714871972799301,0.012100690975785255,0.01248650997877121,0.012872328981757164,0.013258148916065693,0.013643967919051647,0.014029786922037601,0.014415605925023556,0.014801425859332085,0.015187244862318039,0.015573063865303993]},"_timestamp":1.7307134725311816e+09,"train_loss_identity_epoch":0.0434158630669117,"baseline_identity_loss":0.127721905708313,"gradients/embedding.decode.2.weight":{"values":[1,0,0,1,2,1,1,3,5,4,13,8,7,24,19,30,37,46,73,92,126,158,233,348,505,995,33452,11448,767,437,266,209,144,112,86,53,50,51,39,22,24,21,12,17,11,12,3,7,6,5,2,2,2,1,2,2,1,0,1,0,0,0,0,1],"bins":[-0.006630311254411936,-0.006383654195815325,-0.0061369966715574265,-0.005890339612960815,-0.005643682554364204,-0.005397025030106306,-0.005150367971509695,-0.004903710447251797,-0.004657053388655186,-0.004410396330058575,-0.004163738805800676,-0.003917081747204065,-0.0036704244557768106,-0.003423767164349556,-0.003177110105752945,-0.0029304528143256903,-0.0026837955228984356,-0.002437138231471181,-0.0021904809400439262,-0.0019438238814473152,-0.0016971665900200605,-0.0014505092985928059,-0.001203852123580873,-0.0009571948903612792,-0.0007105376571416855,-0.0004638804239220917,-0.00021722319070249796,2.9434042517095804e-05,0.00027609127573668957,0.0005227485089562833,0.0007694057421758771,0.00101606291718781,0.001262720674276352,0.0015093779657036066,0.0017560351407155395,0.0020026923157274723,0.002249349607154727,0.0024960068985819817,0.0027426639571785927,0.0029893212486058474,0.003235978540033102,0.0034826358314603567,0.0037292931228876114,0.003975950181484222,0.0042226072400808334,0.004469264764338732,0.004715921822935343,0.004962579347193241,0.005209236405789852,0.005455893464386463,0.0057025509886443615,0.0059492080472409725,0.006195865571498871,0.006442522630095482,0.006689179688692093,0.006935837212949991,0.007182494271546602,0.007429151330143213,0.007675808854401112,0.007922465912997723,0.008169122971594334,0.008415780030190945,0.00866243802011013,0.008909095078706741,0.009155752137303352],"_type":"histogram"},"gradients/embedding.encode.2.weight":{"_type":"histogram","values":[4,0,2,0,5,4,1,5,5,2,12,5,10,20,9,12,10,23,21,30,16,34,39,49,56,75,91,183,308,528,904,1736,11283,2081,900,440,271,179,116,99,73,61,53,46,28,36,28,21,16,8,15,12,8,4,8,2,4,1,1,4,0,0,1,2],"bins":[-0.0024205809459090233,-0.0023465200792998075,-0.002272458979859948,-0.0021983981132507324,-0.0021243372466415167,-0.002050276380032301,-0.0019762152805924416,-0.0019021544139832258,-0.00182809354737401,-0.0017540325643494725,-0.001679971581324935,-0.0016059107147157192,-0.0015318497316911817,-0.001457788865081966,-0.0013837278820574284,-0.0013096670154482126,-0.001235606032423675,-0.0011615450493991375,-0.0010874841827899218,-0.0010134231997653842,-0.0009393623331561685,-0.0008653013501316309,-0.0007912404253147542,-0.0007171795004978776,-0.000643118575681001,-0.0005690576508641243,-0.0004949967260472476,-0.00042093577212654054,-0.0003468748473096639,-0.00027281392249278724,-0.00019875298312399536,-0.00012469204375520349,-5.0631118938326836e-05,2.342981315450743e-05,9.749074524734169e-05,0.00017155168461613357,0.0002456126094330102,0.00031967353424988687,0.000393734488170594,0.0004677954129874706,0.0005418563378043473,0.0006159172626212239,0.0006899781874381006,0.0007640391122549772,0.0008381000952795148,0.0009121610200963914,0.000986221944913268,0.0010602828115224838,0.0011343437945470214,0.001208404777571559,0.0012824656441807747,0.0013565266272053123,0.001430587493814528,0.0015046484768390656,0.0015787093434482813,0.0016527703264728189,0.0017268313094973564,0.0018008921761065722,0.0018749531591311097,0.0019490140257403255,0.002023075008764863,0.0020971358753740788,0.0021711967419832945,0.002245257841423154,0.0023193187080323696]},"_wandb":{"runtime":88},"gradients/embedding.decode.0.weight":{"_type":"histogram","values":[1,1,0,0,0,0,1,0,1,1,2,2,4,5,10,5,6,7,12,12,11,25,23,55,41,46,52,67,96,158,189,274,462,666,1674,13854,687,473,249,166,131,95,85,66,49,35,28,31,35,23,23,9,14,13,5,5,7,2,1,2,1,0,0,2],