{"gradients/embedding.decode.0.bias":{"bins":[-1.444870122213615e-06,-1.349104309156246e-06,-1.2533383824120392e-06,-1.1575725693546701e-06,-1.061806756297301e-06,-9.660408295530942e-07,-8.702750164957251e-07,-7.745092034383561e-07,-6.787433335375681e-07,-5.829774636367802e-07,-4.872116505794111e-07,-3.914457806786231e-07,-2.956799391995446e-07,-1.999140977204661e-07,-1.0414824203053286e-07,-8.382393446026981e-09,8.73834551384789e-08,1.831492966175574e-07,2.7891513809663593e-07,3.746810079974239e-07,4.704468494765024e-07,5.662126909555809e-07,6.619785608563689e-07,7.577443739137379e-07,8.535102438145259e-07,9.492761137153138e-07,1.045041926772683e-06,1.140807739830052e-06,1.2365736665742588e-06,1.332339479631628e-06,1.428105292688997e-06,1.5238712194332038e-06,1.6196370324905729e-06,1.715402845547942e-06,1.8111687722921488e-06,1.9069345853495179e-06,2.0027005120937247e-06,2.098466211464256e-06,2.194232138208463e-06,2.2899980649526697e-06,2.385763764323201e-06,2.481529691067408e-06,2.5772956178116146e-06,2.673061317182146e-06,2.768827243926353e-06,2.8645931706705596e-06,2.960358870041091e-06,3.056124796785298e-06,3.1518907235295046e-06,3.247656422900036e-06,3.3434223496442428e-06,3.439188049014774e-06,3.534953975758981e-06,3.6307199025031878e-06,3.726485601873719e-06,3.822251528617926e-06,3.918017227988457e-06,4.0137833821063396e-06,4.109549081476871e-06,4.205314780847402e-06,4.3010809349652845e-06,4.396846634335816e-06,4.492612333706347e-06,4.5883784878242295e-06,4.684144187194761e-06],"_type":"histogram","values":[1,0,1,0,0,0,0,0,1,0,1,1,2,4,27,1946,3,2,1,5,0,2,1,0,0,0,1,0,0,0,0,0,0,0,0,0,0,0,0,0,0,0,0,0,0,0,0,0,0,0,0,0,0,0,0,0,0,0,0,0,0,0,0,1]},"_wandb":{"runtime":46},"train_loss_identity_epoch":0.8290265798568726,"gradients/embedding.encode.2.bias":{"_type":"histogram","values":[19,0,0,0,0,0,0,0,0,0,0,0,0,0,0,0,0,0,0,0,0,0,0,0,0,0,0,0,0,0,0,0,0,0,0,0,0,0,0,0,0,0,0,0,0,0,0,0,0,0,0,0,0,0,0,0,0,0,0,0,0,0,0,1],"bins":[-1.6378666233062886e-18,2.5583308800418425e-15,5.118299921803675e-15,7.678268963565507e-15,1.0238237158294392e-14,1.2798206200056225e-14,1.535817439478511e-14,1.7918143436546942e-14,2.0478112478308774e-14,2.3038081520070607e-14,2.559805056183244e-14,2.815801960359427e-14,3.0717988645356104e-14,3.327795599305204e-14,3.583792672887977e-14,3.8397894076575706e-14,4.095786481240343e-14,4.351783216009937e-14,4.607779950779531e-14,4.8637770243623035e-14,5.119773759131897e-14,5.37577083271467e-14,5.631767567484264e-14,5.887764641067036e-14,6.143761714649809e-14,6.399758110606224e-14,6.655755184188997e-14,6.91175225777177e-14,7.167748653728184e-14,7.423745727310957e-14,7.67974280089373e-14,7.935739874476502e-14,8.191736270432917e-14,8.44773334401569e-14,8.703729739972105e-14,8.959726813554877e-14,9.21572388713765e-14,9.471720960720423e-14,9.727717356676838e-14,9.98371443025961e-14,1.0239711503842383e-13,1.0495707899798798e-13,1.075170497338157e-13,1.1007702046964343e-13,1.1263699120547116e-13,1.151969551650353e-13,1.1775693267712661e-13,1.2031689663669076e-13,1.228768605962549e-13,1.2543683810834622e-13,1.2799680206791036e-13,1.3055676602747451e-13,1.3311674353956582e-13,1.3567670749912997e-13,1.3823667145869412e-13,1.4079664897078542e-13,1.4335661293034957e-13,1.4591657688991372e-13,1.4847655440200502e-13,1.5103651836156917e-13,1.5359649587366048e-13,1.5615645983322463e-13,1.5871642379278877e-13,1.6127640130488008e-13,1.6383636526444423e-13]},"baseline_identity_loss":0.04371858015656471,"gradients/embedding.encode.0.weight":{"bins":[-3.9183595909218164e-16,-3.8470746215698746e-16,-3.775789652217933e-16,-3.704504682865991e-16,-3.633219713514049e-16,-3.5619347441621073e-16,-3.4906497748101654e-16,-3.4193648054582236e-16,-3.348079836106282e-16,-3.27679486675434e-16,-3.205509897402398e-16,-3.1342249280504563e-16,-3.0629399586985144e-16,-2.9916549893465726e-16,-2.920370019994631e-16,-2.849085050642689e-16,-2.777800081290747e-16,-2.7065148472410093e-16,-2.6352298778890674e-16,-2.5639449085371256e-16,-2.492659939185184e-16,-2.421374969833242e-16,-2.3500900004813e-16,-2.2788050311293583e-16,-2.2075200617774164e-16,-2.1362350924254746e-16,-2.0649501230735328e-16,-1.993665153721591e-16,-1.922380184369649e-16,-1.8510952150177073e-16,-1.7798102456657655e-16,-1.7085252763138236e-16,-1.6372404393107798e-16,-1.565955469958838e-16,-1.4946705006068961e-16,-1.4233855312549543e-16,-1.3521005619030125e-16,-1.2808155925510706e-16,-1.2095306231991288e-16,-1.138245653847187e-16,-1.0669606183207961e-16,-9.956756489688543e-17,-9.243906796169125e-17,-8.531057102649706e-17,-7.818206747385798e-17,-7.10535705386638e-17,-6.392507360346961e-17,-5.679657666827543e-17,-4.966807973308125e-17,-4.2539582797887065e-17,-3.541108586269288e-17,-2.828258561877625e-17,-2.1154088683582065e-17,-1.4025591748387882e-17,-6.897093158832474e-18,2.3140460354232205e-19,7.359902365917118e-18,1.44883993011113e-17,2.161689789066671e-17,2.874539648022212e-17,3.58738934154163e-17,4.3002390350610484e-17,5.013089059452712e-17,5.72593875297213e-17,6.438788446491548e-17],"_type":"histogram","values":[50,0,0,0,0,0,0,0,0,0,0,0,0,0,0,0,0,0,0,0,0,0,0,0,0,0,0,0,0,0,0,0,0,0,0,0,0,0,0,0,0,0,0,0,0,0,1,0,0,0,0,0,2,3,99855,54,4,7,1,2,7,5,2,7]},"_step":71,"gradients/embedding.decode.2.bias":{"_type":"histogram","values":[5,1,1,2,1,1,1,1,2,1,2,2,0,0,2,1,1,0,0,1,0,2,0,1,2,1,2,0,1,3,1,2,0,2,2,1,0,2,0,0,2,0,0,0,0,0,0,0,0,0,0,0,0,0,0,0,0,0,0,0,0,0,0,1],"bins":[-0.0038227103650569916,-0.0031947707757353783,-0.002566831186413765,-0.0019388915970921516,-0.0013109520077705383,-0.000683012418448925,-5.5072829127311707e-05,0.0005728667601943016,0.001200806349515915,0.0018287459388375282,0.0024566855281591415,0.003084625117480755,0.003712564706802368,0.0043405042961239815,0.004968443885445595,0.005596383474767208,0.006224323064088821,0.006852262653410435,0.007480202242732048,0.008108141832053661,0.008736081421375275,0.009364021010696888,0.009991960600018501,0.010619900189340115,0.011247839778661728,0.011875779367983341,0.012503718957304955,0.013131658546626568,0.013759598135948181,0.014387537725269794,0.015015477314591408,0.015643417835235596,0.016271356493234634,0.016899295151233673,0.01752723567187786,0.01815517619252205,0.018783114850521088,0.019411053508520126,0.020038994029164314,0.020666934549808502,0.02129487320780754,0.02192281186580658,0.022550752386450768,0.023178692907094955,0.023806631565093994,0.024434570223093033,0.02506251074373722,0.02569045126438141,0.026318389922380447,0.026946328580379486,0.027574269101023674,0.028202209621667862,0.0288301482796669,0.02945808693766594,0.030086027458310127,0.030713967978954315,0.031341906636953354,0.03196984529495239,0.03259778767824173,0.03322572633624077,0.03385366499423981,0.034481603652238846,0.035109542310237885,0.03573748469352722,0.03636542335152626]},