{"gradients/encode.0.weight":{"_type":"histogram","values":[3,0,1,0,5,8,11,9,16,26,34,52,63,85,106,161,190,259,297,401,506,694,840,1072,1336,1746,2247,3275,4933,7599,22101,10854,10317,7998,7246,4819,3409,2311,1538,1032,746,428,301,240,165,118,98,75,66,28,29,25,17,16,15,4,6,7,12,1,0,1,0,2],"bins":[-0.00016907673852983862,-0.00016360284644179046,-0.00015812896890565753,-0.00015265507681760937,-0.0001471811847295612,-0.00014170730719342828,-0.00013623341510538012,-0.00013075953756924719,-0.00012528564548119903,-0.00011981176066910848,-0.00011433787585701793,-0.00010886398376896977,-0.00010339009895687923,-9.791621414478868e-05,-9.244232205674052e-05,-8.696843724464998e-05,-8.149455243255943e-05,-7.602066762046888e-05,-7.054678280837834e-05,-6.507289072033018e-05,-5.959900590823963e-05,-5.412512109614909e-05,-4.8651232646079734e-05,-4.317734419601038e-05,-3.7703459383919835e-05,-3.222957457182929e-05,-2.6755686121759936e-05,-2.1281799490679987e-05,-1.5807912859600037e-05,-1.0334026228520088e-05,-4.8601395974401385e-06,6.13747033639811e-07,6.087648216634989e-06,1.1561534847714938e-05,1.7035421478794888e-05,2.2509308109874837e-05,2.7983194740954787e-05,3.345707955304533e-05,3.8930968003114685e-05,4.440485645318404e-05,4.9878741265274584e-05,5.535262607736513e-05,6.082651452743448e-05,6.630040297750384e-05,7.177428778959438e-05,7.724817260168493e-05,8.272206468973309e-05,8.819594950182363e-05,9.366983431391418e-05,9.914371912600473e-05,0.00010461760393809527,0.00011009149602614343,0.00011556538083823398,0.00012103926565032452,0.00012651315773837268,0.00013198703527450562,0.00013746092736255378,0.00014293481945060194,0.00014840869698673487,0.00015388258907478303,0.0001593564811628312,0.00016483035869896412,0.00017030425078701228,0.0001757781283231452,0.00018125202041119337]},"gradients/decode.2.weight":{"values":[4,3,6,8,11,13,15,25,22,43,54,76,83,123,146,203,277,328,473,610,785,1067,1368,1963,3133,5434,37816,28934,5839,3075,2014,1485,1080,793,592,409,311,256,191,175,110,105,94,65,74,48,41,40,27,25,23,16,11,12,14,9,9,8,7,8,2,4,2,3],"bins":[-0.00404817471280694,-0.0038963682018220425,-0.003744561690837145,-0.0035927551798522472,-0.0034409486688673496,-0.0032891423907130957,-0.003137335879728198,-0.0029855293687433004,-0.002833722857758403,-0.002681916346773505,-0.0025301098357886076,-0.00237830332480371,-0.002226497046649456,-0.0020746905356645584,-0.0019228840246796608,-0.0017710775136947632,-0.0016192710027098656,-0.001467464491724968,-0.0013156579807400703,-0.0011638515861704946,-0.001012045075185597,-0.0008602385642006993,-0.0007084321114234626,-0.0005566256586462259,-0.0004048191476613283,-0.00025301266578026116,-0.000101206183899194,5.0600297981873155e-05,0.0002024067798629403,0.00035421326174400747,0.0005060197436250746,0.0006578261964023113,0.0008096327073872089,0.0009614392183721066,0.0011132457293570042,0.00126505212392658,0.0014168586349114776,0.0015686651458963752,0.001720471540465951,0.0018722780514508486,0.002024084562435746,0.002175891073420644,0.0023276975844055414,0.002479504095390439,0.002631310373544693,0.0027831168845295906,0.0029349233955144882,0.003086729906499386,0.0032385364174842834,0.003390342928469181,0.0035421494394540787,0.0036939559504389763,0.003845762461423874,0.0039975689724087715,0.004149375483393669,0.004301181994378567,0.004452988505363464,0.004604794550687075,0.004756601061671972,0.00490840757265687,0.0050602140836417675,0.005212020594626665,0.005363827105611563,0.00551563361659646,0.005667440127581358],"_type":"histogram"},"gradients/encode.0.bias":{"_type":"histogram","values":[2,1,0,1,1,1,3,4,4,5,3,7,8,4,12,14,17,16,23,19,21,17,22,20,32,37,33,44,43,60,49,95,195,264,406,98,58,42,49,46,45,29,25,19,14,14,21,6,14,8,3,3,5,4,2,3,2,0,2,0,2,1,0,2],"bins":[-0.0001979712105821818,-0.0001922156079672277,-0.00018646000535227358,-0.00018070440273731947,-0.00017494880012236536,-0.00016919319750741124,-0.00016343759489245713,-0.00015768199227750301,-0.0001519263896625489,-0.00014617077249567956,-0.00014041516988072544,-0.00013465956726577133,-0.00012890396465081722,-0.0001231483620358631,-0.00011739275942090899,-0.00011163715680595487,-0.00010588155419100076,-0.00010012595157604665,-9.437034896109253e-05,-8.861474634613842e-05,-8.28591437311843e-05,-7.710353384027258e-05,-7.134793122531846e-05,-6.559232861036435e-05,-5.9836725995410234e-05,-5.408112338045612e-05,-4.8325520765502006e-05,-4.2569914512569085e-05,-3.681431189761497e-05,-3.105870928266086e-05,-2.530310484871734e-05,-1.9547500414773822e-05,-1.3791897799819708e-05,-8.036294275370892e-06,-2.2806907509220764e-06,3.4749127735267393e-06,9.230516297975555e-06,1.498611982242437e-05,2.0741723346873187e-05,2.6497327780816704e-05,3.225293039577082e-05,3.800853301072493e-05,4.3764135625679046e-05,4.951974187861197e-05,5.527534449356608e-05,6.1030947108520195e-05,6.678655336145312e-05,7.254215597640723e-05,7.829775859136134e-05,8.405336120631546e-05,8.980896382126957e-05,9.556456643622369e-05,0.0001013201690511778,0.00010707577894208953,0.00011283138155704364,0.00011858698417199776,0.00012434259406290948,0.0001300981966778636,0.0001358537992928177,0.00014160940190777183,0.00014736500452272594,0.00015312060713768005,0.00015887620975263417,0.00016463181236758828,0.0001703874149825424]},"_step":43,"baseline_identity_loss":0.11998049914836884,"_wandb":{"runtime":56},"gradients/encode.3.weight":{"_type":"histogram","values":[2,1,1,3,3,4,4,9,6,12,12,15,24,25,34,32,56,84,90,113,158,226,374,553,921,1400,2159,3071,4673,10394,4445,3262,2401,1543,1014,762,498,351,269,235,149,138,106,75,70,47,42,39,26,21,18,9,6,6,0,1,2,2,0,2,1,0,0,1],"bins":[-0.001556025235913694,-0.0015026484616100788,-0.0014492716873064637,-0.0013958947965875268,-0.0013425180222839117,-0.0012891412479802966,-0.0012357644736766815,-0.0011823876993730664,-0.0011290109250694513,-0.0010756340343505144,-0.0010222572600468993,-0.0009688804857432842,-0.0009155037114396691,-0.0008621268789283931,-0.000808750104624778,-0.000755373272113502,-0.0007019964978098869,-0.0006486197235062718,-0.0005952428909949958,-0.0005418661166913807,-0.0004884892841801047,-0.00043511250987648964,-0.00038173573557287455,-0.000328358932165429,-0.00027498212875798345,-0.0002216053253505379,-0.00016822853649500757,-0.00011485174036351964,-6.14749442320317e-05,-8.098148100543767e-06,4.527864803094417e-05,9.86554441624321e-05,0.00015203224029392004,0.0002054090437013656,0.00025878584710881114,0.00031216262141242623,0.0003655394248198718,0.00041891622822731733,0.0004722930025309324,0.0005256698350422084,0.0005790466093458235,0.0006324233836494386,0.0006858002161607146,0.0007391769904643297,0.0007925537647679448,0.0008459305972792208,0.0008993073715828359,0.0009526842040941119,0.001006060978397727,0.001059437752701342,0.0011128145270049572,0.0011661914177238941,0.0012195681920275092,0.0012729449663311243,0.0013263217406347394,0.0013796985149383545,0.0014330754056572914,0.0014864521799609065,0.0015398289542645216,0.0015932057285681367,0.0016465825028717518,0.0016999592771753669,0.0017533361678943038,0.001806712942197919,0.001860089716501534]},"gradients/decode.0.weight":{"_type":"histogram","values":[1,1,0,1,3,3,1,5,11,8,17,31,33,39,50,58,107,106,180,204,264,320,393,436,550,682,763,868,1290,2005,2954,6244,9041,4344,2611,1367,884,720,622,518,472,371,319,226,215,165,143,88,66,55,45,26,25,10,8,8,4,6,3,4,2,3,0,1],