{"gradients/embedding.decode.2.weight":{"bins":[-0.019713908433914185,-0.01917397417128086,-0.018634039908647537,-0.018094107508659363,-0.01755417324602604,-0.017014238983392715,-0.016474304720759392,-0.015934370458126068,-0.015394437126815319,-0.014854502864181995,-0.014314569532871246,-0.013774635270237923,-0.013234701007604599,-0.01269476767629385,-0.012154833413660526,-0.011614900082349777,-0.011074965819716454,-0.01053503155708313,-0.00999509822577238,-0.009455163963139057,-0.008915230631828308,-0.008375296369194984,-0.00783536210656166,-0.007295428309589624,-0.006755494512617588,-0.006215560715645552,-0.005675626918673515,-0.005135692656040192,-0.004595758859068155,-0.004055825062096119,-0.003515891032293439,-0.002975957002490759,-0.0024360213428735733,-0.0018960874294862151,-0.001356153516098857,-0.0008162196027114987,-0.00027628568932414055,0.00026364822406321764,0.0008035821374505758,0.001343516050837934,0.0018834499642252922,0.0024233837611973286,0.0029633177910000086,0.0035032518208026886,0.004043185617774725,0.004583119414746761,0.005123053677380085,0.005662987474352121,0.006202921271324158,0.006742855068296194,0.0072827888652682304,0.007822723127901554,0.008362656459212303,0.008902590721845627,0.00944252498447895,0.0099824583157897,0.010522392578423023,0.011062326841056347,0.011602260172367096,0.01214219443500042,0.012682128697633743,0.013222062028944492,0.013761996291577816,0.014301929622888565,0.014841863885521889],"_type":"histogram","values":[1,0,0,0,0,0,0,0,1,0,0,0,0,0,2,0,0,0,2,1,0,1,0,2,2,3,3,4,9,4,11,21,18,29,48,79,550,534,57,16,16,15,11,15,7,7,3,8,2,2,6,1,0,4,1,0,0,1,0,2,0,0,0,1]},"gradients/embedding.encode.2.bias":{"_type":"histogram","values":[1,0,0,0,0,0,0,0,0,0,0,0,0,1,0,0,0,1,0,0,1,1,0,0,0,0,0,0,0,0,0,1,0,0,0,1,0,0,0,1,0,0,0,1,0,0,0,0,0,0,0,0,0,0,0,0,0,0,0,0,0,0,0,1],"bins":[-0.00035548058804124594,-0.0003404607414267957,-0.0003254408948123455,-0.0003104210481978953,-0.00029540120158344507,-0.00028038135496899486,-0.00026536150835454464,-0.0002503416617400944,-0.0002353218151256442,-0.000220301968511194,-0.00020528212189674377,-0.00019026227528229356,-0.00017524242866784334,-0.00016022258205339313,-0.0001452027354389429,-0.0001301828888244927,-0.00011516304221004248,-0.00010014319559559226,-8.512334898114204e-05,-7.010350236669183e-05,-5.508365575224161e-05,-4.0063809137791395e-05,-2.504396252334118e-05,-1.0024115908890963e-05,4.995730705559254e-06,2.001557732000947e-05,3.5035423934459686e-05,5.00552705489099e-05,6.507511716336012e-05,8.009496377781034e-05,9.511481039226055e-05,0.00011013465700671077,0.00012515450362116098,0.0001401743502356112,0.00015519419685006142,0.00017021404346451163,0.00018523389007896185,0.00020025373669341207,0.00021527358330786228,0.0002302934299223125,0.0002453132765367627,0.00026033312315121293,0.00027535296976566315,0.00029037281638011336,0.0003053926629945636,0.0003204125096090138,0.000335432356223464,0.00035045220283791423,0.00036547204945236444,0.00038049189606681466,0.0003955117426812649,0.0004105315892957151,0.0004255514359101653,0.0004405712825246155,0.00045559112913906574,0.00047061097575351596,0.0004856308223679662,0.0005006506689824164,0.0005156705155968666,0.0005306903622113168,0.000545710208825767,0.0005607300554402173,0.0005757499020546675,0.0005907697486691177,0.0006057895952835679]},"gradients/embedding.encode.0.bias":{"values":[1,0,0,0,0,0,0,0,1,0,3,2,1,0,0,0,0,2,0,0,0,1,1,0,1,1,0,0,0,0,0,1,0,1,3,0,1,0,0,1,0,0,0,0,0,1,1,0,0,0,1,0,0,1,0,0,0,1,1,0,0,0,0,3],"bins":[-0.0003624762175604701,-0.00035681252484209836,-0.0003511488321237266,-0.00034548513940535486,-0.0003398214466869831,-0.00033415775396861136,-0.0003284940612502396,-0.00032283036853186786,-0.0003171666758134961,-0.00031150298309512436,-0.0003058392903767526,-0.0003001756267622113,-0.0002945119340438396,-0.0002888482413254678,-0.0002831845486070961,-0.0002775208558887243,-0.0002718571631703526,-0.00026619347045198083,-0.0002605297777336091,-0.00025486608501523733,-0.0002492023922968656,-0.00024353869957849383,-0.00023787500686012208,-0.00023221131414175034,-0.0002265476214233786,-0.00022088392870500684,-0.0002152202359866351,-0.00020955655782017857,-0.00020389286510180682,-0.00019822917238343507,-0.00019256547966506332,-0.00018690178694669157,-0.00018123809422831982,-0.00017557440150994807,-0.00016991070879157633,-0.00016424701607320458,-0.00015858332335483283,-0.00015291963063646108,-0.00014725593791808933,-0.00014159224519971758,-0.00013592855248134583,-0.00013026485976297408,-0.00012460116704460233,-0.0001189374816021882,-0.00011327378888381645,-0.00010761010344140232,-0.00010194641072303057,-9.628271800465882e-05,-9.061902528628707e-05,-8.495533256791532e-05,-7.929163984954357e-05,-7.362795440712944e-05,-6.796426168875769e-05,-6.230056897038594e-05,-5.663687625201419e-05,-5.097318717162125e-05,-4.53094944532495e-05,-3.964580537285656e-05,-3.398211265448481e-05,-2.8318421755102463e-05,-2.2654729036730714e-05,-1.699103813734837e-05,-1.1327347237966023e-05,-5.663655883836327e-06,3.558338346199008e-11],"_type":"histogram"},"_timestamp":1.7307132153997114e+09,"_wandb":{"runtime":86},"gradients/embedding.decode.0.weight":{"bins":[-0.0017000689404085279,-0.0016353760147467256,-0.0015706830890849233,-0.0015059900470077991,-0.0014412971213459969,-0.0013766041956841946,-0.0013119112700223923,-0.00124721834436059,-0.0011825254186987877,-0.0011178323766216636,-0.0010531394509598613,-0.000988446525298059,-0.0009237535996362567,-0.0008590606157667935,-0.0007943676901049912,-0.000729674706235528,-0.0006649817805737257,-0.0006002888549119234,-0.0005355958710424602,-0.0004709029453806579,-0.00040620999061502516,-0.0003415170358493924,-0.0002768241101875901,-0.00021213115542195737,-0.00014743820065632463,-8.274525316664949e-05,-1.8052305676974356e-05,4.664064181270078e-05,0.00011133358930237591,0.00017602654406800866,0.00024071948428172618,0.0003054124244954437,0.0003701052628457546,0.00043479821761138737,0.0004994911723770201,0.0005641840980388224,0.0006288770819082856,0.0006935700075700879,0.0007582629332318902,0.0008229559171013534,0.0008876488427631557,0.000952341768424958,0.0010170347522944212,0.0010817276779562235,0.0011464206036180258,0.001211113529279828,0.0012758065713569522,0.0013404994970187545,0.0014051924226805568,0.001469885348342359,0.0015345782740041614,0.0015992713160812855,0.0016639642417430878,0.00172865716740489,0.0017933500930666924,0.0018580430187284946,0.001922735944390297,0.0019874288700520992,0.0020521217957139015,0.0021168149542063475,0.0021815078798681498,0.002246200805529952,0.0023108937311917543,0.0023755866568535566,0.002440279582515359],"_type":"histogram","values":[2,3,0,3,3,1,1,0,3,4,2,0,0,1,9,6,7,4,5,2,4,3,5,9,11,27,84,18,6,6,3,3,3,2,3,0,2,5,3,5,5,4,2,2,1,2,1,1,1,3,2,2,2,1,3,1,1,2,1,2,1,1,0,1]},