{"gradients/embedding.encode.3.bias":{"bins":[-0.022133778780698776,-0.021066773682832718,-0.01999976672232151,-0.018932761624455452,-0.017865754663944244,-0.016798749566078186,-0.015731744468212128,-0.014664738439023495,-0.013597732409834862,-0.012530726380646229,-0.011463720351457596,-0.010396715253591537,-0.009329709224402905,-0.008262703195214272,-0.007195697631686926,-0.00612869206815958,-0.005061686038970947,-0.003994680009782314,-0.0029276744462549686,-0.0018606686498969793,-0.00079366285353899,0.0002733429428189993,0.0013403487391769886,0.002407354535534978,0.0034743603318929672,0.0045413663610816,0.005608371924608946,0.0066753774881362915,0.0077423835173249245,0.008809389546513557,0.009876394644379616,0.010943400673568249,0.01201041042804718,0.013077416457235813,0.014144422486424446,0.015211427584290504,0.016278434544801712,0.01734543964266777,0.01841244474053383,0.019479451701045036,0.020546456798911095,0.021613461896777153,0.02268046885728836,0.02374747395515442,0.024814479053020477,0.025881486013531685,0.026948491111397743,0.02801549807190895,0.02908250316977501,0.030149508267641068,0.031216515228152275,0.03228352218866348,0.03335052728652954,0.0344175323843956,0.03548453748226166,0.036551542580127716,0.037618547677993774,0.03868555650115013,0.03975256159901619,0.04081956669688225,0.041886571794748306,0.042953576892614365,0.04402058571577072,0.04508759081363678,0.04615459591150284],"_type":"histogram","values":[1,0,0,1,0,1,0,0,0,1,0,2,2,1,0,0,1,2,7,2,4,3,3,1,4,1,6,6,4,1,3,3,5,2,4,3,0,2,3,4,1,3,3,1,0,3,2,0,1,0,0,1,0,0,0,1,0,0,0,0,0,0,0,1]},"gradients/embedding.decode.0.weight":{"values":[3,0,8,2,1,5,4,6,2,6,18,18,23,25,38,38,62,86,117,181,252,335,513,755,1079,1513,2400,3624,5096,7875,11706,17890,85858,21795,13238,8764,5657,3755,2394,1567,1062,727,449,324,207,148,108,72,48,45,24,29,13,9,5,4,5,2,5,2,2,0,0,1],"bins":[-0.00046192543231882155,-0.000447777594672516,-0.0004336297861300409,-0.0004194819484837353,-0.00040533411083742976,-0.0003911862731911242,-0.0003770384646486491,-0.00036289062700234354,-0.000348742789356038,-0.00033459498081356287,-0.0003204471431672573,-0.00030629930552095175,-0.0002921514678746462,-0.0002780036593321711,-0.0002638558216858655,-0.00024970798403955996,-0.00023556016094516963,-0.0002214123378507793,-0.00020726450020447373,-0.0001931166771100834,-0.00017896883946377784,-0.0001648210163693875,-0.00015067317872308195,-0.00013652535562869161,-0.00012237753253430128,-0.00010822969488799572,-9.408186451764777e-05,-7.993403414729983e-05,-6.57862110529095e-05,-5.163837704458274e-05,-3.74905503122136e-05,-2.3342719941865653e-05,-9.194889571517706e-06,4.952939889335539e-06,1.9100769350188784e-05,3.324859790154733e-05,4.7396428271895275e-05,6.154425500426441e-05,7.569208537461236e-05,8.983991574496031e-05,0.00010398774611530825,0.0001181355764856562,0.00013228339958004653,0.0001464312372263521,0.00016057906032074243,0.000174726897967048,0.00018887472106143832,0.00020302255870774388,0.00021717038180213422,0.00023131820489652455,0.0002454660425428301,0.00025961388018913567,0.0002737616887316108,0.00028790952637791634,0.0003020573640242219,0.00031620520167052746,0.00033035301021300256,0.0003445008478593081,0.0003586486855056137,0.0003727964940480888,0.00038694433169439435,0.0004010921693406999,0.00041524000698700547,0.0004293878155294806,0.00044353565317578614],"_type":"histogram"},"_wandb":{"runtime":306},"train_fwd_loss_epoch":0.02351990155875683,"gradients/embedding.encode.0.bias":{"bins":[-0.006074358243495226,-0.0058754743076860905,-0.005676590371876955,-0.005477706901729107,-0.0052788229659199715,-0.005079939030110836,-0.004881055094301701,-0.004682171158492565,-0.00448328722268343,-0.004284403752535582,-0.004085519816726446,-0.0038866358809173107,-0.0036877519451081753,-0.0034888682421296835,-0.003289984306320548,-0.0030911006033420563,-0.002892216667532921,-0.0026933327317237854,-0.0024944490287452936,-0.002295565092936158,-0.0020966813899576664,-0.001897797454148531,-0.0016989135183393955,-0.001500029698945582,-0.0013011458795517683,-0.0011022620601579547,-0.0009033781825564802,-0.0007044943049550056,-0.000505610485561192,-0.00030672663706354797,-0.0001078427885659039,9.104105993174016e-05,0.0002899244427680969,0.0004888082621619105,0.0006876921397633851,0.0008865760173648596,0.0010854598367586732,0.0012843436561524868,0.0014832275919616222,0.0016821114113554358,0.0018809952307492495,0.002079879166558385,0.0022787628695368767,0.002477646805346012,0.0026765307411551476,0.0028754144441336393,0.0030742983799427748,0.0032731820829212666,0.003472066018730402,0.0036709499545395374,0.003869833657518029,0.004068717360496521,0.004267601296305656,0.004466485232114792,0.004665369167923927,0.004864253103733063,0.005063137039542198,0.005262020509690046,0.005460904445499182,0.005659788381308317,0.005858672317117453,0.006057556252926588,0.006256439723074436,0.006455323658883572,0.006654207594692707],"_type":"histogram","values":[1,0,0,1,0,0,0,0,0,1,2,2,0,1,1,0,1,1,0,0,1,2,1,3,3,2,1,1,3,54,1819,71,4,4,3,1,1,2,1,1,2,0,1,1,0,0,0,0,0,0,0,0,0,0,0,3,0,1,2,0,0,0,0,1]},"gradients/embedding.decode.2.bias":{"values":[1,0,0,0,0,0,0,0,0,1,0,1,0,2,3,4,1,3,2,2,5,3,6,10,14,7,6,14,12,15,21,10,15,12,17,18,9,10,5,10,5,3,6,2,0,1,0,0,1,1,1,1,2,1,0,0,0,0,0,0,0,0,0,1],"bins":[-0.007199122104793787,-0.006966253276914358,-0.006733383983373642,-0.006500515155494213,-0.006267646327614784,-0.006034777034074068,-0.005801908206194639,-0.005569038912653923,-0.005336170084774494,-0.005103301256895065,-0.004870431963354349,-0.00463756313547492,-0.004404693841934204,-0.004171825014054775,-0.003938956186175346,-0.003706087125465274,-0.0034732180647552013,-0.003240349004045129,-0.0030074799433350563,-0.0027746111154556274,-0.002541742054745555,-0.0023088729940354824,-0.0020760041661560535,-0.001843135105445981,-0.0016102660447359085,-0.001377396984025836,-0.0011445280397310853,-0.0009116590372286737,-0.0006787900347262621,-0.0004459210322238505,-0.00021305202972143888,1.981697278097272e-05,0.000252685509622097,0.0004855545121245086,0.0007184235146269202,0.0009512925171293318,0.0011841615196317434,0.001417030580341816,0.0016498995246365666,0.0018827684689313173,0.00211563752964139,0.0023485065903514624,0.002581375651061535,0.0028142444789409637,0.0030471135396510363,0.0032799826003611088,0.0035128514282405376,0.00374572048895061,0.003978589549660683,0.0042114583775401115,0.004444327671080828,0.004677196498960257,0.004910065792500973,0.005142934620380402,0.0053758034482598305,0.005608672741800547,0.0058415415696799755,0.006074410397559404,0.0063072796911001205,0.006540148518979549,0.006773017346858978,0.0070058866403996944,0.007238755468279123,0.0074716247618198395,0.007704493589699268],"_type":"histogram"},"_runtime":306.268328771,"gradients/embedding.encode.0.weight":{"_type":"histogram","values":[1,2,0,2,3,4,8,8,5,14,16,23,46,46,49,63,67,83,116,143,156,192,263,335,477,578,835,1058,1776,189867,325552,1720,1164,776,555,425,295,230,191,150,90,94,92,73,67,55,43,33,33,25,24,23,18,8,9,7,4,2,2,2,1,0,0,1],