{"_wandb":{"runtime":63},"gradients/embedding.decode.2.bias":{"values":[1,0,0,0,1,0,0,0,0,0,1,0,0,0,1,0,0,1,0,1,0,2,0,3,0,3,3,0,2,1,0,3,4,2,0,1,2,0,1,2,3,0,0,3,1,0,0,1,0,2,1,0,1,0,2,0,0,0,0,0,0,0,0,1],"bins":[-0.005033909343183041,-0.004886329174041748,-0.0047387490049004555,-0.004591168835759163,-0.00444358866661787,-0.004296008963137865,-0.0041484287939965725,-0.00400084862485528,-0.0038532684557139874,-0.0037056882865726948,-0.003558108117431402,-0.0034105281811207533,-0.0032629480119794607,-0.003115367842838168,-0.0029677879065275192,-0.0028202077373862267,-0.002672627568244934,-0.0025250473991036415,-0.002377467229962349,-0.0022298872936517,-0.0020823071245104074,-0.0019347269553691149,-0.0017871469026431441,-0.0016395668499171734,-0.0014919866807758808,-0.0013444065116345882,-0.0011968264589086175,-0.0010492464061826468,-0.0009016662370413542,-0.0007540861261077225,-0.0006065060151740909,-0.0004589259042404592,-0.00031134625896811485,-0.0001637661480344832,-1.6186037100851536e-05,0.00013139407383278012,0.0002789741847664118,0.00042655429570004344,0.0005741344066336751,0.0007217145175673068,0.0008692946285009384,0.001016874797642231,0.0011644548503682017,0.0013120349030941725,0.001459615072235465,0.0016071952413767576,0.0017547752941027284,0.0019023553468286991,0.0020499355159699917,0.0021975156851112843,0.002345095854252577,0.0024926757905632257,0.0026402559597045183,0.002787836128845811,0.00293541606515646,0.0030829962342977524,0.003230576403439045,0.0033781565725803375,0.00352573674172163,0.003673316678032279,0.0038208968471735716,0.0039684767834842205,0.004116056952625513,0.004263637121766806,0.004411217290908098],"_type":"histogram"},"gradients/embedding.decode.0.weight":{"_type":"histogram","values":[2,0,1,5,2,4,10,7,7,14,25,26,40,50,60,81,101,138,174,198,270,375,427,535,658,828,1051,1225,1540,2530,4902,11062,5174,2141,1327,970,806,634,511,405,386,282,208,172,147,120,88,64,56,42,39,27,13,8,5,7,4,3,4,3,1,1,3,1],"bins":[-0.000228913442697376,-0.0002216138964286074,-0.00021431433560792357,-0.00020701478933915496,-0.00019971524307038635,-0.0001924156822497025,-0.0001851161359809339,-0.0001778165897121653,-0.0001705170434433967,-0.00016321748262271285,-0.00015591793635394424,-0.00014861839008517563,-0.0001413188292644918,-0.0001340192829957232,-0.00012671973672695458,-0.00011942018318222836,-0.00011212062963750213,-0.00010482107609277591,-9.75215298240073e-05,-9.022197627928108e-05,-8.292243001051247e-05,-7.562287646578625e-05,-6.832332292106003e-05,-6.102377301431261e-05,-5.3724223107565194e-05,-4.642467320081778e-05,-3.912512329407036e-05,-3.182556974934414e-05,-2.4526019842596725e-05,-1.722646993584931e-05,-9.92691821011249e-06,-2.6273673938703723e-06,4.672168870456517e-06,1.1971719686698634e-05,1.927127050294075e-05,2.657082222867757e-05,3.3870372135424986e-05,4.11699220421724e-05,4.8469475586898625e-05,5.576902549364604e-05,6.306857540039346e-05,7.036812894511968e-05,7.766767521388829e-05,8.496722875861451e-05,9.226678230334073e-05,9.956632857210934e-05,0.00010686588211683556,0.00011416542838560417,0.0001214649819303304,0.000128764528199099,0.00013606408901978284,0.00014336363528855145,0.00015066318155732006,0.0001579627423780039,0.0001652622886467725,0.0001725618349155411,0.00017986138118430972,0.00018716094200499356,0.00019446048827376217,0.00020176003454253078,0.0002090595953632146,0.00021635914163198322,0.00022365868790075183,0.00023095824872143567,0.00023825779499020427]},"gradients/embedding.encode.3.bias":{"bins":[-0.002251775236800313,-0.002193219494074583,-0.002134663751348853,-0.002076108241453767,-0.002017552498728037,-0.001958996756002307,-0.0019004411296918988,-0.0018418853869661689,-0.0017833297606557608,-0.0017247740179300308,-0.0016662182752043009,-0.0016076626488938928,-0.0015491069061681628,-0.0014905512798577547,-0.0014319955371320248,-0.0013734399108216166,-0.0013148841680958867,-0.0012563284253701568,-0.0011977727990597486,-0.0011392170563340187,-0.0010806614300236106,-0.0010221056872978806,-0.0009635500027798116,-0.0009049943182617426,-0.0008464386337436736,-0.0007878829492256045,-0.0007293272647075355,-0.0006707715801894665,-0.0006122158374637365,-0.0005536601529456675,-0.0004951044684275985,-0.00043654878390952945,-0.0003779929829761386,-0.00031943729845806956,-0.00026088161394000053,-0.00020232590031810105,-0.00014377021580003202,-8.521452400600538e-05,-2.6658832211978734e-05,3.189685958204791e-05,9.045255137607455e-05,0.00014900823589414358,0.00020756393496412784,0.0002661196340341121,0.0003246753185521811,0.00038323100307025015,0.00044178671669214964,0.0005003424012102187,0.0005588980857282877,0.0006174537702463567,0.0006760094547644258,0.0007345651392824948,0.0007931208238005638,0.0008516765665262938,0.0009102322510443628,0.0009687879355624318,0.00102734356187284,0.0010858993045985699,0.0011444550473242998,0.001203010673634708,0.0012615664163604379,0.001320122042670846,0.001378677785396576,0.001437233411706984,0.001495789154432714],"_type":"histogram","values":[2,0,0,0,0,1,0,0,0,0,0,0,1,0,0,0,1,0,0,0,0,0,0,0,0,0,0,1,0,0,0,3,0,2,0,0,0,1,0,1,0,1,0,0,0,1,0,0,0,0,1,0,1,1,0,0,1,0,0,0,0,0,0,1]},"_step":100,"gradients/embedding.decode.2.weight":{"bins":[-0.003862981218844652,-0.0037510737311095,-0.0036391662433743477,-0.003527258522808552,-0.0034153510350733995,-0.0033034435473382473,-0.003191536059603095,-0.003079628339037299,-0.002967720851302147,-0.0028558133635669947,-0.0027439058758318424,-0.00263199838809669,-0.0025200906675308943,-0.002408183179795742,-0.00229627569206059,-0.0021843682043254375,-0.0020724604837596416,-0.0019605529960244894,-0.0018486455082893372,-0.001736738020554185,-0.0016248304164037108,-0.0015129229286685586,-0.0014010153245180845,-0.0012891078367829323,-0.00117720034904778,-0.001065292744897306,-0.0009533851989544928,-0.0008414776530116796,-0.0007295701652765274,-0.0006176626193337142,-0.0005057550733909011,-0.00039384752744808793,-0.00028193998150527477,-0.00017003243556246161,-5.8124904171563685e-05,5.378263449529186e-05,0.0001656901731621474,0.00027759771910496056,0.00038950523594394326,0.0005014127818867564,0.0006133203278295696,0.0007252278737723827,0.0008371354197151959,0.000949042965658009,0.0010609504533931613,0.0011728580575436354,0.0012847655452787876,0.0013966731494292617,0.001508580637164414,0.0016204881248995662,0.0017323957290500402,0.0018443032167851925,0.0019562107045203447,0.0020681184250861406,0.002180025912821293,0.002291933400556445,0.0024038408882915974,0.0025157483760267496,0.0026276560965925455,0.0027395635843276978,0.00285147107206285,0.0029633785597980022,0.003075286280363798,0.0031871937680989504,0.0032991012558341026],"_type":"histogram","values":[1,0,0,0,0,1,2,4,3,5,5,10,11,19,23,29,33,50,59,84,93,125,132,196,198,259,413,571,827,1228,1798,2670,4364,9124,55833,10099,3623,2391,1604,1148,794,582,393,299,229,163,119,108,73,52,46,28,19,21,8,11,4,8,1,2,0,3,0,2]},"test_loss_identity_epoch":0.02260919101536274,"train_loss_identity_epoch":0.01560425665229559,