{"gradients/embedding.encode.2.bias":{"bins":[-0.004930055700242519,-0.0047958968207240105,-0.004661738406866789,-0.00452757952734828,-0.004393421113491058,-0.0042592622339725494,-0.004125103820115328,-0.003990944940596819,-0.0038567865267395973,-0.0037226276472210884,-0.003588469000533223,-0.003454310353845358,-0.0033201517071574926,-0.0031859930604696274,-0.003051834413781762,-0.002917675767093897,-0.0027835171204060316,-0.0026493584737181664,-0.002515199827030301,-0.002381041180342436,-0.0022468825336545706,-0.0021127238869667053,-0.00197856524027884,-0.001844406477175653,-0.0017102478304877877,-0.0015760891837999225,-0.0014419305371120572,-0.001307771890424192,-0.0011736131273210049,-0.0010394544806331396,-0.0009052958339452744,-0.0007711371872574091,-0.0006369785405695438,-0.0005028198938816786,-0.00036866121808998287,-0.00023450255685020238,-0.0001003438956104219,3.381476562935859e-05,0.00016797342686913908,0.0003021321026608348,0.00043629074934870005,0.0005704493960365653,0.0007046080427244306,0.0008387667476199567,0.000972925394307822,0.0011070840992033482,0.0012412427458912134,0.0013754013925790787,0.001509560039266944,0.0016437186859548092,0.0017778773326426744,0.0019120359793305397,0.002046194626018405,0.0021803532727062702,0.0023145119193941355,0.0024486705660820007,0.0025828294456005096,0.002716988092288375,0.00285114673897624,0.0029853053856641054,0.0031194640323519707,0.003253622679039836,0.003387781325727701,0.0035219399724155664,0.0036560986191034317],"_type":"histogram","values":[1,0,0,0,0,1,0,0,0,0,0,0,0,0,0,0,1,0,0,0,0,1,0,0,0,1,1,2,1,0,0,3,0,1,0,0,0,0,2,0,1,0,1,1,0,0,0,0,1,0,0,0,0,0,0,0,0,0,0,0,0,0,0,1]},"gradients/embedding.decode.2.weight":{"_type":"histogram","values":[1,0,0,2,0,4,4,8,5,9,16,19,20,22,31,36,53,51,73,90,111,121,179,217,302,432,549,729,1030,1481,2062,3241,4658,6425,23060,34642,12520,2643,1364,934,642,477,376,265,233,168,158,120,96,78,64,40,39,28,21,17,9,12,6,4,0,2,0,1],"bins":[-0.001999985659494996,-0.0019425541395321488,-0.0018851226195693016,-0.0018276912160217762,-0.001770259696058929,-0.0017128281760960817,-0.0016553966561332345,-0.0015979651361703873,-0.0015405337326228619,-0.0014831022126600146,-0.0014256706926971674,-0.0013682391727343202,-0.001310807652771473,-0.0012533761328086257,-0.0011959447292611003,-0.001138513209298253,-0.0010810816893354058,-0.0010236501693725586,-0.0009662187076173723,-0.000908787187654525,-0.0008513557258993387,-0.0007939242059364915,-0.0007364926859736443,-0.0006790612242184579,-0.0006216297042556107,-0.0005641981842927635,-0.0005067667225375772,-0.0004493352025747299,-0.00039190371171571314,-0.00033447222085669637,-0.00027704070089384913,-0.00021960921003483236,-0.00016217760276049376,-0.00010474610462551937,-4.7314606490544975e-05,1.0116891644429415e-05,6.75483897794038e-05,0.00012497988063842058,0.00018241138604935259,0.0002398428914602846,0.00029727438231930137,0.00035470587317831814,0.0004121373640373349,0.00046956888400018215,0.0005270004039630294,0.0005844318657182157,0.0006418633856810629,0.0006992948474362493,0.0007567263673990965,0.0008141578873619437,0.00087158934911713,0.0009290208690799773,0.0009864523308351636,0.0010438838507980108,0.001101315370760858,0.0011587468907237053,0.0012161782942712307,0.001273609814234078,0.0013310413341969252,0.0013884728541597724,0.0014459043741226196,0.0015033358940854669,0.0015607672976329923,0.0016181988175958395,0.0016756303375586867]},"_timestamp":1.7307166763180096e+09,"gradients/embedding.decode.0.weight":{"bins":[-0.0006245015538297594,-0.0006036274717189372,-0.000582753331400454,-0.0005618792492896318,-0.0005410051671788096,-0.0005201310268603265,-0.0004992569447495043,-0.00047838283353485167,-0.000457508722320199,-0.00043663461110554636,-0.0004157604998908937,-0.0003948864177800715,-0.00037401230656541884,-0.0003531381953507662,-0.000332264113239944,-0.0003113900020252913,-0.00029051589081063867,-0.000269641779595986,-0.00024876766838133335,-0.00022789358627051115,-0.0002070194750558585,-0.00018614536384120584,-0.0001652712671784684,-0.00014439717051573098,-0.00012352305930107832,-0.00010264895536238328,-8.177485142368823e-05,-6.090074748499319e-05,-4.0026643546298146e-05,-1.9152539607603103e-05,1.7215643310919404e-06,2.2595668269786984e-05,4.3469714000821114e-05,6.434381793951616e-05,8.52179218782112e-05,0.00010609202581690624,0.0001269661297556013,0.00014784024097025394,0.00016871433763299137,0.0001895884342957288,0.00021046254551038146,0.00023133665672503412,0.0002522107679396868,0.000273084850050509,0.00029395896126516163,0.0003148330724798143,0.0003357071545906365,0.00035658126580528915,0.0003774553770199418,0.00039832948823459446,0.0004192035994492471,0.0004400776815600693,0.000460951792774722,0.00048182590398937464,0.0005026999861001968,0.00052357412641868,0.0005444482085295022,0.0005653222906403244,0.0005861964309588075,0.0006070705130696297,0.0006279445951804519,0.000648818735498935,0.0006696928176097572,0.0006905669579282403,0.0007114410400390625],"_type":"histogram","values":[1,0,1,1,2,0,4,2,7,8,13,22,34,43,64,87,103,136,194,235,311,412,522,730,1009,1402,1930,2710,3337,7704,5401,3922,3088,2255,1521,888,497,336,259,179,143,111,79,75,61,45,30,30,18,8,10,6,6,3,1,0,2,0,1,0,0,0,0,1]},"_runtime":67.701321452,"gradients/embedding.encode.0.bias":{"bins":[-0.0006816111854277551,-0.00066465261625126,-0.0006476941052824259,-0.0006307355361059308,-0.0006137770251370966,-0.0005968184559606016,-0.0005798598867841065,-0.0005629013758152723,-0.0005459428066387773,-0.0005289842956699431,-0.000512025726493448,-0.0004950671573169529,-0.0004781086463481188,-0.00046115010627545416,-0.0004441915370989591,-0.00042723299702629447,-0.00041027445695362985,-0.00039331591688096523,-0.0003763573768083006,-0.00035939880763180554,-0.0003424402675591409,-0.0003254817274864763,-0.0003085231874138117,-0.00029156464734114707,-0.00027460610726848245,-0.00025764753809198737,-0.00024068899801932275,-0.00022373045794665813,-0.00020677191787399352,-0.00018981336324941367,-0.00017285482317674905,-0.0001558962685521692,-0.00013893772847950459,-0.00012197918113088235,-0.00010502063378226012,-8.80620937095955e-05,-7.110354636097327e-05,-5.4144999012351036e-05,-3.718645530170761e-05,-2.022790977207478e-05,-3.2693642424419522e-06,1.3689181287190877e-05,3.0647726816823706e-05,4.760627052746713e-05,6.456481787608936e-05,8.15233652247116e-05,9.848190529737622e-05,0.00011544045264599845,0.00013239899999462068,0.0001493575400672853,0.00016631609469186515,0.00018327463476452976,0.0002002331893891096,0.00021719172946177423,0.00023415026953443885,0.00025110880960710347,0.0002680673496797681,0.00028502591885626316,0.0003019844589289278,0.0003189429990015924,0.000335901539074257,0.00035286007914692163,0.0003698186483234167,0.00038677718839608133,0.00040373572846874595],"_type":"histogram","values":[1,0,2,2,1,4,2,4,2,2,4,5,7,10,8,7,11,21,11,13,16,16,20,13,19,28,24,19,23,32,21,36,27,28,34,24,33,83,448,344,224,47,38,36,26,18,26,23,22,16,20,21,10,17,13,11,9,5,4,2,3,1,2,1]},