{"train_fwd_loss_epoch":0.12221857160329819,"_step":0,"gradients/decode.2.weight":{"values":[2,3,5,4,18,17,28,36,67,85,108,175,236,306,399,573,740,988,1288,1668,2302,3313,4882,10358,30577,5551,4555,3873,3527,3557,3066,2890,2626,2139,1866,1604,1306,1111,885,729,532,462,354,307,219,174,132,100,64,58,45,26,19,10,7,10,4,5,4,3,1,0,0,1],"bins":[-0.024633772671222687,-0.023624137043952942,-0.022614501416683197,-0.021604865789413452,-0.020595230162143707,-0.019585594534873962,-0.018575958907604218,-0.017566323280334473,-0.016556687653064728,-0.015547052957117558,-0.014537417329847813,-0.013527781702578068,-0.012518147006630898,-0.011508511379361153,-0.010498875752091408,-0.009489240124821663,-0.008479604497551918,-0.007469968870282173,-0.006460333243012428,-0.005450698081403971,-0.004441062454134226,-0.003431426826864481,-0.0024217914324253798,-0.0014121559215709567,-0.00040252041071653366,0.0006071151001378894,0.0016167506109923124,0.0026263860054314137,0.0036360216327011585,0.004645657259970903,0.005655292421579361,0.006664928048849106,0.007674563676118851,0.008684199303388596,0.00969383493065834,0.010703470557928085,0.01171310618519783,0.012722740881145,0.013732376508414745,0.01474201213568449,0.01575164869427681,0.016761282458901405,0.01777091808617115,0.018780553713440895,0.01979018934071064,0.020799824967980385,0.02180946059525013,0.022819096222519875,0.02382873184978962,0.024838367477059364,0.02584800310432911,0.026857638731598854,0.0278672743588686,0.028876909986138344,0.02988654561340809,0.030896181240677834,0.03190581500530243,0.032915450632572174,0.03392508625984192,0.034934721887111664,0.03594435751438141,0.036953993141651154,0.0379636287689209,0.03897326439619064,0.03998290002346039],"_type":"histogram"},"gradients/encode.3.weight":{"values":[3,0,1,1,2,2,3,3,8,7,6,13,11,14,22,30,37,44,49,61,80,89,118,131,142,186,221,308,478,1645,16633,8572,3876,1893,1254,938,727,570,449,323,259,199,139,106,89,63,48,34,24,20,18,12,7,8,5,5,5,2,1,2,1,0,0,3],"bins":[-0.14112117886543274,-0.136491060256958,-0.13186095654964447,-0.12723083794116974,-0.1226007267832756,-0.11797061562538147,-0.11334049701690674,-0.1087103858590126,-0.10408027470111847,-0.09945016354322433,-0.0948200523853302,-0.09018993377685547,-0.08555982261896133,-0.0809297114610672,-0.07629959285259247,-0.07166948169469833,-0.0670393705368042,-0.062409259378910065,-0.05777914449572563,-0.0531490296125412,-0.048518918454647064,-0.04388880729675293,-0.0392586924135685,-0.034628577530384064,-0.02999846637248993,-0.025368353351950645,-0.02073824033141136,-0.016108127310872078,-0.011478014290332794,-0.0068479012697935104,-0.0022177882492542267,0.002412324771285057,0.007042452692985535,0.011672565713524818,0.016302678734064102,0.020932791754603386,0.02556290477514267,0.030193017795681953,0.03482313081622124,0.03945324569940567,0.044083356857299805,0.04871346801519394,0.05334358289837837,0.057973697781562805,0.06260380893945694,0.06723392009735107,0.0718640387058258,0.07649414986371994,0.08112426102161407,0.08575437217950821,0.09038448333740234,0.09501460194587708,0.09964471310377121,0.10427482426166534,0.10890494287014008,0.11353505402803421,0.11816516518592834,0.12279527634382248,0.1274253875017166,0.13205550611019135,0.13668560981750488,0.14131572842597961,0.14594584703445435,0.15057595074176788,0.15520606935024261],"_type":"histogram"},"train_bwd_loss_epoch":0.12205403298139572,"gradients/decode.0.weight":{"_type":"histogram","values":[2,1,1,1,3,1,3,3,6,4,9,5,17,12,30,23,28,42,35,40,60,93,104,131,188,227,274,375,524,652,1112,2343,11874,15276,2552,1108,702,476,382,261,221,175,134,101,81,54,48,38,25,32,26,15,17,13,11,5,6,2,5,4,1,2,2,2],"bins":[-0.008891420438885689,-0.008622150868177414,-0.008352882228791714,-0.008083613589406013,-0.007814344018697739,-0.007545074913650751,-0.007275805808603764,-0.007006536703556776,-0.0067372675985097885,-0.006467998493462801,-0.0061987293884158134,-0.005929460283368826,-0.005660191178321838,-0.005390922073274851,-0.005121652968227863,-0.004852383863180876,-0.004583114758133888,-0.004313845653086901,-0.004044576548039913,-0.0037753074429929256,-0.003506038337945938,-0.0032367692328989506,-0.002967500127851963,-0.0026982310228049755,-0.002428961917757988,-0.0021596928127110004,-0.001890423707664013,-0.0016211546026170254,-0.0013518854975700378,-0.0010826163925230503,-0.0008133472874760628,-0.0005440781824290752,-0.0002748100087046623,-5.5409036576747894e-06,0.00026372820138931274,0.0005329973064363003,0.0008022664114832878,0.0010715355165302753,0.0013408046215772629,0.0016100737266242504,0.001879342831671238,0.0021486119367182255,0.002417881041765213,0.0026871501468122005,0.002956419251859188,0.0032256883569061756,0.003494957461953163,0.0037642265670001507,0.004033495672047138,0.004302764777094126,0.004572033882141113,0.004841302987188101,0.005110572092235088,0.005379841197282076,0.005649110302329063,0.005918379407376051,0.0061876485124230385,0.006456917617470026,0.0067261867225170135,0.006995455827564001,0.007264724932610989,0.007533994037657976,0.007803263142704964,0.008072532713413239,0.008341801352798939]},"test_bwd_loss_epoch":0.17450085282325745,"gradients/decode.0.bias":{"bins":[-0.010238882154226303,-0.009945938363671303,-0.009652995504438877,-0.009360051713883877,-0.009067108854651451,-0.00877416506409645,-0.008481222204864025,-0.008188278414309025,-0.007895335555076599,-0.007602391764521599,-0.007309448439627886,-0.007016505114734173,-0.0067235613241791725,-0.0064306179992854595,-0.0061376746743917465,-0.0058447313494980335,-0.0055517880246043205,-0.0052588446997106075,-0.0049659013748168945,-0.0046729580499231815,-0.0043800147250294685,-0.004087070934474468,-0.0037941276095807552,-0.0035011842846870422,-0.0032082409597933292,-0.0029152976348996162,-0.0026223543100059032,-0.0023294107522815466,-0.0020364674273878336,-0.0017435241024941206,-0.0014505806611850858,-0.001157637219876051,-0.0008646948263049126,-0.0005717514432035387,-0.00027880806010216475,1.4135322999209166e-05,0.0003070787061005831,0.000600022089201957,0.0008929654723033309,0.0011859089136123657,0.0014788522385060787,0.0017717955633997917,0.0020647388882935047,0.0023576824460178614,0.0026506257709115744,0.0029435690958052874,0.003236512653529644,0.003529455978423357,0.00382239930331707,0.004115342628210783,0.004408285953104496,0.004701229277998209,0.004994172602891922,0.005287116393446922,0.005580059718340635,0.005873003043234348,0.006165946368128061,0.006458889693021774,0.006751833017915487,0.0070447763428092,0.007337720133364201,0.007630663458257914,0.007923606783151627,0.008216549642384052,0.008509493432939053],"_type":"histogram","values":[1,0,0,0,2,2,4,2,4,5,4,2,5,10,10,12,18,20,13,31,24,27,16,26,32,39,32,44,61,50,51,61,79,115,298,242,97,60,65,52,46,33,46,38,29,37,26,20,9,17,15,10,8,16,8,4,7,4,2,2,2,2,1,2]},"gradients/encode.3.bias":{"_type":"histogram","values":[1,0,0,1,0,0,0,0,1,0,1,2,1,0,0,0,0,0,0,0,0,0,0,0,0,0,0,0,1,1,1,0,0,2,0,0,0,0,1,0,1,0,1,1,0,0,1,0,1,0,0,0,0,0,0,0,0,0,0,1,0,0,0,1],