{"gradients/embedding.decode.2.bias":{"values":[2,0,1,0,0,0,0,1,0,0,0,3,0,0,0,2,0,1,1,1,1,0,1,1,0,0,0,1,0,1,0,3,2,0,0,1,2,5,1,2,0,1,3,0,1,2,1,1,0,2,2,1,0,0,0,0,1,0,1,0,0,0,0,1],"bins":[-0.024937711656093597,-0.024182550609111786,-0.023427391424775124,-0.022672230377793312,-0.02191707119345665,-0.021161910146474838,-0.020406749099493027,-0.019651589915156364,-0.018896428868174553,-0.01814126782119274,-0.01738610863685608,-0.016630947589874268,-0.015875786542892456,-0.015120627358555794,-0.014365466311573982,-0.013610306195914745,-0.012855146080255508,-0.012099985964596272,-0.011344825848937035,-0.010589664801955223,-0.009834504686295986,-0.00907934457063675,-0.008324183523654938,-0.007569023407995701,-0.006813863292336464,-0.006058703176677227,-0.005303542595356703,-0.004548382014036179,-0.0037932218983769417,-0.003038061549887061,-0.0022829012013971806,-0.0015277408529073,-0.0007725805044174194,-1.7420155927538872e-05,0.0007377401925623417,0.0014929005410522223,0.002248060889542103,0.0030032212380319834,0.003758381586521864,0.004513542167842388,0.005268702283501625,0.006023862399160862,0.006779022980481386,0.00753418356180191,0.008289343677461147,0.009044503793120384,0.009799664840102196,0.010554824955761433,0.01130998507142067,0.012065145187079906,0.012820305302739143,0.013575466349720955,0.014330626465380192,0.015085786581039429,0.01584094762802124,0.016596106812357903,0.017351267859339714,0.018106428906321526,0.018861588090658188,0.01961674913764,0.02037191018462181,0.021127069368958473,0.021882230415940285,0.022637389600276947,0.02339255064725876],"_type":"histogram"},"gradients/embedding.decode.2.weight":{"_type":"histogram","values":[2,6,9,14,27,43,58,73,80,96,111,135,163,208,230,270,307,351,414,509,594,748,916,997,1142,1375,1527,1807,2355,3192,5739,43277,9646,4964,3787,3010,2301,1708,1470,1151,971,761,684,563,479,410,277,217,190,152,124,109,75,61,42,33,21,11,4,3,0,0,0,1],"bins":[-0.005585798528045416,-0.005410369951277971,-0.005234941374510527,-0.005059512797743082,-0.004884084686636925,-0.00470865610986948,-0.0045332275331020355,-0.004357798956334591,-0.004182370379567146,-0.004006941802799702,-0.003831513226032257,-0.003656084882095456,-0.0034806563053280115,-0.003305227728560567,-0.003129799384623766,-0.0029543708078563213,-0.0027789422310888767,-0.002603513654321432,-0.0024280850775539875,-0.0022526567336171865,-0.002077228156849742,-0.0019017995800822973,-0.0017263711197301745,-0.0015509426593780518,-0.0013755140826106071,-0.0012000855058431625,-0.0010246570454910398,-0.0008492285269312561,-0.0006738000083714724,-0.0004983714898116887,-0.00032294297125190496,-0.00014751445269212127,2.7913600206375122e-05,0.00020334211876615882,0.0003787706373259425,0.0005541991558857262,0.0007296276744455099,0.0009050561930052936,0.0010804847115650773,0.0012559131719172,0.0014313417486846447,0.0016067703254520893,0.001782198785804212,0.001957627246156335,0.0021330558229237795,0.002308484399691224,0.002483912743628025,0.0026593413203954697,0.0028347698971629143,0.003010198473930359,0.0031856270506978035,0.0033610553946346045,0.003536483971402049,0.0037119125481694937,0.0038873408921062946,0.004062769468873739,0.004238198045641184,0.0044136266224086285,0.004589055199176073,0.004764483775943518,0.004939911887049675,0.00511534046381712,0.005290769040584564,0.005466197617352009,0.005641626194119453]},"baseline_bwd_loss":0.06177282705903053,"test_bwd_loss_epoch":0.04922822490334511,"_wandb":{"runtime":330},"gradients/embedding.encode.0.weight":{"_type":"histogram","values":[1,0,0,0,1,1,3,8,6,7,11,14,15,27,29,46,65,95,129,233,351,512,743,1064,1550,2213,3330,5135,9549,42306,13093,6623,4045,2655,1835,1288,896,632,460,287,246,172,107,81,49,32,23,8,8,6,2,1,1,1,1,1,2,0,0,0,0,0,0,1],"bins":[-0.0027453317306935787,-0.0026529687456786633,-0.002560605760663748,-0.0024682427756488323,-0.002375879790633917,-0.0022835165727883577,-0.0021911535877734423,-0.002098790602758527,-0.0020064276177436113,-0.0019140646327286959,-0.0018217016477137804,-0.0017293385462835431,-0.0016369755612686276,-0.0015446125762537122,-0.0014522494748234749,-0.0013598864898085594,-0.001267523504793644,-0.0011751605197787285,-0.001082797534763813,-0.0009904344333335757,-0.0008980714483186603,-0.0008057084633037448,-0.0007133454200811684,-0.000620982376858592,-0.0005286193918436766,-0.00043625637772493064,-0.0003438933636061847,-0.0002515303494874388,-0.00015916733536869287,-6.680432124994695e-05,2.555869286879897e-05,0.0001179217069875449,0.00021028448827564716,0.0003026475023943931,0.000395010516513139,0.00048737353063188493,0.0005797365447506309,0.0006720995297655463,0.0007644625729881227,0.0008568256162106991,0.0009491886012256145,0.00104155158624053,0.0011339145712554455,0.0012262776726856828,0.0013186406577005982,0.0014110036427155137,0.001503366744145751,0.0015957297291606665,0.001688092714175582,0.0017804556991904974,0.0018728186842054129,0.0019651816692203283,0.0020575448870658875,0.002149907872080803,0.0022422708570957184,0.002334633842110634,0.0024269968271255493,0.0025193598121404648,0.0026117227971553802,0.0027040857821702957,0.002796448767185211,0.0028888119850307703,0.0029811749700456858,0.0030735379550606012,0.0031659009400755167]},"baseline_fwd_loss":0.06196104362607002,"_runtime":330.527892534,"gradients/embedding.decode.0.weight":{"values":[1,3,0,2,1,3,2,6,6,7,12,10,15,19,39,50,70,75,110,113,143,232,273,343,492,619,851,1169,1547,2183,3033,13944,5152,2507,1751,1322,943,649,503,324,273,232,176,153,121,107,92,66,44,42,34,27,31,20,18,9,9,7,4,2,3,1,1,4],"bins":[-0.0005018224474042654,-0.00048607814824208617,-0.00047033384907990694,-0.00045458957902155817,-0.00043884527985937893,-0.0004231009806971997,-0.00040735671063885093,-0.0003916124114766717,-0.00037586811231449246,-0.00036012381315231323,-0.000344379513990134,-0.0003286352439317852,-0.000312890944769606,-0.00029714664560742676,-0.000281402375549078,-0.00026565807638689876,-0.0002499137772247195,-0.0002341694780625403,-0.0002184251934522763,-0.00020268090884201229,-0.00018693660967983305,-0.00017119231051765382,-0.00015544802590738982,-0.00013970374129712582,-0.00012395944213494658,-0.00010821515024872497,-9.247085836250335e-05,-7.672656647628173e-05,-6.0982274590060115e-05,-4.52379827038385e-05,-2.949369081761688e-05,-1.3749398931395262e-05,1.9949511624872684e-06,1.7739243048708886e-05,3.34835349349305e-05,4.922782682115212e-05,6.497211870737374e-05,8.071641059359536e-05,9.646070247981697e-05,0.00011220499436603859,0.0001279492862522602,0.00014369358541443944,0.00015943787002470344,0.00017518215463496745,0.00019092645379714668,0.0002066707529593259,0.0002224150375695899,0.00023815932217985392,0.00025390362134203315,0.0002696479205042124,0.0002853922196663916,0.0003011364897247404,0.0003168807888869196,0.00033262508804909885,0.0003483693581074476,0.00036411365726962686,0.0003798579564318061,0.0003956022555939853,0.00041134655475616455,0.0004270908248145133,0.00044283512397669256,0.0004585794231388718,0.00047432369319722056,0.0004900679923593998,0.000505812291521579],"_type":"histogram"},"_timestamp":1.7307247570823586e+09,"test_fwd_loss_epoch":0.04800204187631607,"_step":100,"train_fwd_loss_epoch":0.036938633769750595,"gradients/embedding.encode.0.bias":{"_type":"histogram","values":[1,1,0,0,1,0,1,0,1,1,2,1,3,4,5,10,5,11,12,11,15,22,19,14,39,30,34,37,55,58,56,112,119,578,130,111,74,58,50,42,35,27,45,23,14,14,20,11,13,10,13,10,7,10,7,5,2,3,1,3,3,0,0,1],