{"gradients/encode.3.weight":{"values":[4,6,4,10,10,14,19,24,28,26,42,62,87,85,127,168,221,305,425,569,775,1267,2402,6041,14011,4425,2310,1553,1160,800,612,467,402,293,246,196,172,124,97,91,77,47,37,37,26,22,26,9,9,11,4,3,2,4,3,1,0,1,0,0,0,0,0,1],"bins":[-0.0016039619222283363,-0.001538093900308013,-0.0014722258783876896,-0.0014063578564673662,-0.0013404898345470428,-0.0012746218126267195,-0.001208753790706396,-0.0011428857687860727,-0.0010770177468657494,-0.0010111498413607478,-0.0009452817612327635,-0.0008794137393124402,-0.0008135457755997777,-0.0007476777536794543,-0.000681809731759131,-0.0006159417098388076,-0.0005500736879184842,-0.00048420566599816084,-0.00041833764407783747,-0.00035246965126134455,-0.0002866016293410212,-0.0002207336074206978,-0.00015486560005228966,-8.899758540792391e-05,-2.312957076355815e-05,4.273844388080761e-05,0.00010860645852517337,0.0001744744658935815,0.00024034248781390488,0.00030621050973422825,0.00037207850255072117,0.00043794652447104454,0.0005038145463913679,0.0005696825683116913,0.0006355505902320147,0.000701418612152338,0.0007672866340726614,0.0008331545977853239,0.0008990226197056472,0.0009648906416259706,0.0010307587217539549,0.0010966266272589564,0.0011624946491792798,0.0012283626710996032,0.0012942306930199265,0.00136009871494025,0.0014259667368605733,0.0014918347587808967,0.00155770278070122,0.0016235708026215434,0.0016894388245418668,0.0017553068464621902,0.0018211748683825135,0.001887042890302837,0.0019529109122231603,0.002018778817728162,0.002084646839648485,0.0021505148615688086,0.002216382883489132,0.0022822509054094553,0.0023481189273297787,0.002413986949250102,0.0024798549711704254,0.002545722993090749,0.002611591015011072],"_type":"histogram"},"train_loss_identity_epoch":0.05345094949007034,"baseline_identity_loss":0.11188595741987228,"_wandb":{"runtime":91},"gradients/decode.0.bias":{"_type":"histogram","values":[1,0,0,1,0,1,0,2,1,5,6,2,4,6,7,10,10,10,16,20,21,20,16,23,26,35,31,41,46,42,44,35,56,42,926,69,58,33,37,33,35,26,38,23,16,27,15,17,8,9,7,10,12,6,2,4,1,2,2,1,1,0,1,1],"bins":[-0.0012136871227994561,-0.0011788320261985064,-0.0011439769295975566,-0.0011091219494119287,-0.0010742668528109789,-0.0010394117562100291,-0.0010045566596090794,-0.0009697016212157905,-0.0009348465246148407,-0.000899991428013891,-0.0008651363896206021,-0.0008302812930196524,-0.0007954261964187026,-0.0007605711580254138,-0.000725716061424464,-0.0006908610230311751,-0.0006560059264302254,-0.0006211508298292756,-0.0005862957914359868,-0.000551440694835037,-0.0005165856564417481,-0.0004817305598407984,-0.0004468754632398486,-0.0004120203957427293,-0.00037716532824561,-0.0003423102607484907,-0.0003074551932513714,-0.0002726000966504216,-0.0002377450291533023,-0.000202889961656183,-0.00016803487960714847,-0.00013317979755811393,-9.832484647631645e-05,-6.346977170323953e-05,-2.861469693016261e-05,6.240377842914313e-06,4.1095452615991235e-05,7.595052738906816e-05,0.00011080560216214508,0.00014566068421117961,0.00018051575170829892,0.00021537081920541823,0.00025022588670253754,0.0002850809833034873,0.0003199360508006066,0.0003547911182977259,0.0003896462148986757,0.000424501282395795,0.0004593563498929143,0.0004942114464938641,0.0005290664848871529,0.0005639215814881027,0.0005987766198813915,0.0006336317164823413,0.000668486813083291,0.0007033418514765799,0.0007381969480775297,0.0007730520446784794,0.0008079070830717683,0.000842762179672718,0.0008776172762736678,0.0009124723146669567,0.0009473274112679064,0.0009821824496611953,0.001017037546262145]},"gradients/decode.0.weight":{"values":[2,1,1,2,2,4,6,11,5,18,18,32,44,44,51,78,106,123,176,239,255,423,550,620,863,1068,1376,2046,8871,14504,1888,1401,1073,843,701,547,432,328,262,205,154,121,108,98,70,55,31,33,34,11,14,19,6,13,4,2,2,2,1,0,1,1,0,1],"bins":[-0.0006169070838950574,-0.0005956790992058814,-0.0005744510563090444,-0.0005532230716198683,-0.0005319950869306922,-0.0005107670440338552,-0.0004895390593446791,-0.0004683110455516726,-0.00044708303175866604,-0.0004258550179656595,-0.00040462700417265296,-0.0003833990194834769,-0.00036217100569047034,-0.0003409429918974638,-0.0003197150072082877,-0.0002984869934152812,-0.00027725897962227464,-0.0002560309658292681,-0.0002348029665881768,-0.00021357496734708548,-0.00019234695355407894,-0.0001711189397610724,-0.00014989094051998109,-0.00012866294127888978,-0.00010743492748588324,-8.620692096883431e-05,-6.497891445178539e-05,-4.375090793473646e-05,-2.2522901417687535e-05,-1.2948949006386101e-06,1.9933111616410315e-05,4.116111813345924e-05,6.238912465050817e-05,8.361713116755709e-05,0.00010484513768460602,0.00012607313692569733,0.00014730115071870387,0.0001685291645117104,0.00018975716375280172,0.00021098516299389303,0.00023221317678689957,0.0002534411905799061,0.00027466920437291265,0.00029589718906208873,0.00031712520285509527,0.0003383532166481018,0.0003595812013372779,0.00038080921513028443,0.00040203722892329097,0.0004232652427162975,0.00044449325650930405,0.00046572124119848013,0.00048694925499148667,0.0005081772687844932,0.0005294052534736693,0.0005506332963705063,0.0005718612810596824,0.0005930892657488585,0.0006143173086456954,0.0006355452933348715,0.0006567733362317085,0.0006780013209208846,0.0006992293056100607,0.0007204573485068977,0.0007416853331960738],"_type":"histogram"},"_runtime":91.100454086,"gradients/encode.0.weight":{"values":[2,2,1,0,0,1,2,5,3,5,4,6,2,6,21,16,29,46,66,74,105,157,218,270,311,457,571,735,1018,1273,1752,2318,3219,4508,6448,16279,30035,12408,5620,3468,2429,1682,1215,863,637,502,345,249,164,132,90,77,36,32,36,18,11,11,4,2,2,1,0,1],"bins":[-0.00024226577079389244,-0.0002355417818762362,-0.00022881779295857996,-0.00022209381859283894,-0.0002153698296751827,-0.00020864584075752646,-0.00020192185183987021,-0.00019519786292221397,-0.00018847387400455773,-0.00018174989963881671,-0.00017502591072116047,-0.00016830192180350423,-0.00016157793288584799,-0.00015485394396819174,-0.00014812996960245073,-0.00014140598068479449,-0.00013468199176713824,-0.000127958002849482,-0.00012123402120778337,-0.00011451003229012713,-0.0001077860506484285,-0.00010106206173077226,-9.433807281311601e-05,-8.761409117141739e-05,-8.089010225376114e-05,-7.41661133361049e-05,-6.744213169440627e-05,-6.071814277675003e-05,-5.399415749707259e-05,-4.727017221739516e-05,-4.0546183299738914e-05,-3.382219802006148e-05,-2.709822729229927e-05,-2.0374242012621835e-05,-1.3650254913954996e-05,-6.926268724782858e-06,-2.0228253561072052e-07,6.521703653561417e-06,1.3245689842733555e-05,1.9969676941400394e-05,2.669366222107783e-05,3.3417647500755265e-05,4.01416327804327e-05,4.6865621698088944e-05,5.358960697776638e-05,6.0313592257443815e-05,6.703758117510006e-05,7.376156281679869e-05,8.048555173445493e-05,8.720954065211117e-05,9.39335222938098e-05,0.00010065751121146604,0.00010738149285316467,0.00011410548177082092,0.00012082947068847716,0.0001275534596061334,0.00013427744852378964,0.00014100142288953066,0.0001477254118071869,0.00015444940072484314,0.0001611733896424994,0.00016789737856015563,0.00017462135292589664,0.0001813453418435529,0.00018806933076120913],"_type":"histogram"},"gradients/decode.2.weight":{"_type":"histogram","values":[3,2,6,11,20,34,47,77,129,210,290,440,651,886,1320,1872,2553,3978,8837,59878,5563,3267,2307,1739,1275,924,714,522,422,307,297,207,181,169,135,114,110,86,68,62,52,40,36,32,22,23,15,13,13,5,10,4,6,5,3,2,1,2,0,2,0,0,0,1],