{"gradients/encode.3.bias":{"bins":[-0.0072508277371525764,-0.007071758154779673,-0.006892688572406769,-0.006713619455695152,-0.0065345498733222485,-0.006355480290949345,-0.006176410708576441,-0.005997341126203537,-0.0058182720094919205,-0.005639202427119017,-0.005460132844746113,-0.005281063262373209,-0.005101993680000305,-0.004922924097627401,-0.004743854980915785,-0.004564785398542881,-0.004385715816169977,-0.004206646233797073,-0.0040275766514241695,-0.0038485073018819094,-0.003669437952339649,-0.0034903683699667454,-0.0033112987875938416,-0.0031322294380515814,-0.0029531598556786776,-0.0027740902733057737,-0.0025950209237635136,-0.0024159513413906097,-0.002236881759017706,-0.0020578124094754457,-0.001878742827102542,-0.00169967336114496,-0.0015206043608486652,-0.0013415348948910832,-0.0011624654289335012,-0.0009833958465605974,-0.0008043263806030154,-0.0006252569146454334,-0.0004461873904801905,-0.00026711789541877806,-8.804840035736561e-05,9.102109470404685e-05,0.0002700905897654593,0.00044916008482687175,0.0006282295798882842,0.0008072990458458662,0.00098636862821877,0.001165438094176352,0.001344507560133934,0.001523577026091516,0.001702646492049098,0.0018817160744220018,0.002060785423964262,0.002239855006337166,0.0024189245887100697,0.00259799393825233,0.0027770635206252337,0.0029561331029981375,0.0031352024525403976,0.0033142720349133015,0.0034933416172862053,0.0036724109668284655,0.0038514805492013693,0.0040305498987436295,0.004209619481116533],"_type":"histogram","values":[1,0,0,0,0,0,0,0,0,0,0,0,0,0,0,0,0,0,0,0,0,0,0,0,0,0,0,0,0,1,2,0,0,0,0,1,0,0,0,2,0,1,0,1,1,0,0,1,2,2,1,0,1,1,0,0,0,0,0,0,0,1,0,1]},"baseline_bwd_loss":0.0523795522749424,"gradients/decode.2.bias":{"bins":[-0.020526425912976265,-0.019823722541332245,-0.019121017307043076,-0.018418313935399055,-0.017715610563755035,-0.017012907192111015,-0.016310201957821846,-0.015607498586177826,-0.014904795214533806,-0.014202090911567211,-0.013499386608600616,-0.012796683236956596,-0.012093978933990002,-0.011391275562345982,-0.010688571259379387,-0.009985867887735367,-0.009283163584768772,-0.008580459281802177,-0.007877755910158157,-0.00717505207285285,-0.006472348235547543,-0.005769643932580948,-0.0050669400952756405,-0.004364236257970333,-0.0036615324206650257,-0.0029588285833597183,-0.002256124746054411,-0.00155342067591846,-0.0008507168386131525,-0.0001480129431001842,0.0005546909524127841,0.0012573949061334133,0.0019600987434387207,0.002662802580744028,0.0033655064180493355,0.004068210255354643,0.00477091409265995,0.005473618395626545,0.006176322232931852,0.00687902607023716,0.007581729907542467,0.008284433744847775,0.00898713804781437,0.00968984141945839,0.010392545722424984,0.011095249094069004,0.011797953397035599,0.012500656768679619,0.013203361071646214,0.013906065374612808,0.014608768746256828,0.015311473049223423,0.016014177352190018,0.016716880723834038,0.017419584095478058,0.018122287467122078,0.018824992701411247,0.019527696073055267,0.020230399444699287,0.020933104678988457,0.021635808050632477,0.022338511422276497,0.023041214793920517,0.023743920028209686,0.024446623399853706],"_type":"histogram","values":[1,0,0,0,0,0,0,1,0,0,1,1,0,0,0,2,0,2,0,2,1,2,0,2,5,2,5,1,0,2,1,2,0,1,1,0,2,1,1,1,3,0,1,0,0,0,0,2,1,0,0,0,0,0,0,1,0,0,0,0,1,0,0,1]},"gradients/graph_1skewsym_fwd.skewsym_params.weight":{"values":[3,0,0,0,0,0,0,0,1,0,1,1,0,1,0,2,1,3,1,3,3,2,5,0,4,2,7,4,6,6,4,7,6,8,14,8,12,10,4,11,6,7,6,2,4,5,1,3,1,1,5,3,1,1,0,1,1,1,0,0,0,0,0,1],"bins":[-0.006992535665631294,-0.006789105013012886,-0.0065856738947331905,-0.006382243242114782,-0.006178812123835087,-0.005975381471216679,-0.005771950352936983,-0.005568519700318575,-0.005365088582038879,-0.005161657929420471,-0.004958227276802063,-0.0047547961585223675,-0.004551365505903959,-0.004347934387624264,-0.0041445037350058556,-0.00394107261672616,-0.003737641964107752,-0.0035342110786587,-0.003330780193209648,-0.0031273493077605963,-0.0029239184223115444,-0.002720487769693136,-0.0025170568842440844,-0.0023136259987950325,-0.0021101951133459806,-0.0019067642278969288,-0.001703333342447877,-0.001499902573414147,-0.001296471687965095,-0.0010930408025160432,-0.0008896099752746522,-0.0006861791480332613,-0.00048274779692292213,-0.00027931694057770073,-7.588608423247933e-05,0.00012754477211274207,0.00033097562845796347,0.0005344065139070153,0.0007378373411484063,0.0009412681683897972,0.001144699053838849,0.001348129939287901,0.0015515608247369528,0.0017549915937706828,0.001958422362804413,0.0021618532482534647,0.0023652841337025166,0.0025687150191515684,0.0027721459046006203,0.002975576790049672,0.003179007675498724,0.003382438560947776,0.0035858694463968277,0.003789300099015236,0.003992731217294931,0.00419616186991334,0.004399592988193035,0.004603023640811443,0.0048064542934298515,0.005009885411709547,0.005213316064327955,0.005416747182607651,0.005620177835226059,0.0058236089535057545,0.006027039606124163],"_type":"histogram"},"gradients/encode.3.weight":{"values":[1,0,0,1,2,0,2,4,3,1,4,6,9,16,8,13,16,18,33,42,53,54,64,81,146,153,201,244,326,438,651,965,1449,2276,3958,10261,6455,3951,2598,1656,1089,747,532,369,333,204,144,113,95,60,45,22,30,21,10,8,4,8,2,2,1,0,0,2],"bins":[-0.0048377844505012035,-0.004701252561062574,-0.004564720205962658,-0.004428188316524029,-0.004291655961424112,-0.004155124071985483,-0.004018591716885567,-0.003882059594616294,-0.003745527472347021,-0.003608995582908392,-0.003472463460639119,-0.0033359313383698463,-0.0031993992161005735,-0.0030628670938313007,-0.002926334971562028,-0.002789802849292755,-0.0026532707270234823,-0.0025167386047542095,-0.0023802064824849367,-0.002243674360215664,-0.002107142237946391,-0.0019706101156771183,-0.0018340781098231673,-0.0016975459875538945,-0.0015610138652846217,-0.001424481743015349,-0.001287949620746076,-0.0011514174984768033,-0.0010148854926228523,-0.0008783533121459186,-0.0007418212480843067,-0.0006052891258150339,-0.0004687570035457611,-0.0003322248812764883,-0.00019569278811104596,-5.916068039368838e-05,7.73714273236692e-05,0.00021390353504102677,0.00035043564275838435,0.0004869677359238267,0.0006234998581930995,0.0007600319804623723,0.0008965641027316451,0.001033096225000918,0.0011696282308548689,0.0013061603531241417,0.0014426924753934145,0.0015792245976626873,0.00171575671993196,0.001852288842201233,0.0019888209644705057,0.0021253530867397785,0.0022618852090090513,0.002398417331278324,0.002534949453547597,0.0026714815758168697,0.002808013465255499,0.0029445455875247717,0.0030810777097940445,0.0032176098320633173,0.00335414195433259,0.003490674076601863,0.0036272061988711357,0.0037637383211404085,0.0039002704434096813],"_type":"histogram"},"gradients/encode.0.weight":{"_type":"histogram","values":[50,0,0,2,4,4,9,7,69,24,75,81,48,207,256,460,473,663,630,1138,1325,1366,2172,2708,3091,4590,6028,7798,14095,18313,7688,5834,4348,3233,2644,2375,1622,1404,1148,821,687,591,378,298,315,184,284,163,56,63,51,42,21,16,16,10,10,3,2,5,0,0,1,1],