{"gradients/encode.3.weight":{"_type":"histogram","values":[1,1,0,0,0,2,2,3,4,8,7,6,16,18,27,32,42,54,96,118,164,247,355,581,955,1709,3264,7623,15906,3264,1710,1191,739,503,365,234,173,139,94,86,38,58,38,29,24,16,10,10,8,2,5,7,6,3,2,0,3,0,0,0,0,1,0,1],"bins":[-0.11530455946922302,-0.11125438660383224,-0.10720421373844147,-0.10315404832363129,-0.09910387545824051,-0.09505370259284973,-0.09100352972745895,-0.08695335686206818,-0.082903191447258,-0.07885301858186722,-0.07480284571647644,-0.07075267285108566,-0.06670249998569489,-0.06265232712030411,-0.05860215798020363,-0.05455198884010315,-0.05050181597471237,-0.046451643109321594,-0.042401473969221115,-0.03835130110383034,-0.03430113196372986,-0.03025095909833908,-0.026200786232948303,-0.022150615230202675,-0.018100444227457047,-0.014050273224711418,-0.010000101290643215,-0.0059499298222362995,-0.0018997583538293839,0.002150413114577532,0.0062005845829844475,0.01025075651705265,0.014300927519798279,0.018351098522543907,0.022401269525289536,0.026451442390680313,0.03050161339342594,0.03455178439617157,0.03860195726156235,0.04265212640166283,0.046702299267053604,0.05075247213244438,0.05480264127254486,0.05885281413793564,0.06290298700332642,0.0669531598687172,0.07100332528352737,0.07505349814891815,0.07910367101430893,0.08315384387969971,0.08720401674509048,0.09125418215990067,0.09530435502529144,0.09935452789068222,0.103404700756073,0.10745487362146378,0.11150504648685455,0.11555521190166473,0.11960538476705551,0.12365555763244629,0.12770572304725647,0.13175590336322784,0.13580606877803802,0.1398562490940094,0.14390641450881958]},"gradients/encode.0.weight":{"values":[1,5,8,5,7,24,31,24,37,63,101,212,176,293,330,436,610,601,932,998,971,973,1321,2111,2486,2792,3184,4070,5463,8217,19395,10896,7532,4501,3124,2865,2339,1942,1882,1357,1605,1018,1043,846,836,536,327,377,380,258,110,75,60,55,28,22,24,30,17,12,13,3,3,7],"bins":[-0.006225587800145149,-0.006022870074957609,-0.005820152349770069,-0.005617435090243816,-0.005414717365056276,-0.005211999639868736,-0.005009281914681196,-0.0048065646551549435,-0.004603846929967403,-0.004401129204779863,-0.004198411479592323,-0.003995693754404783,-0.003792976262047887,-0.0035902587696909904,-0.0033875410445034504,-0.003184823552146554,-0.002982105826959014,-0.002779388101771474,-0.0025766706094145775,-0.0023739528842270374,-0.002171235391870141,-0.001968517666682601,-0.0017658000579103827,-0.0015630824491381645,-0.0013603648403659463,-0.001157647231593728,-0.0009549296228215098,-0.0007522119558416307,-0.0005494943470694125,-0.00034677673829719424,-0.00014405910042114556,5.86585229029879e-05,0.00026137614622712135,0.0004640937549993396,0.0006668113637715578,0.000869529030751437,0.0010722465813159943,0.0012749643065035343,0.0014776819152757525,0.0016803995240479708,0.001883117132820189,0.0020858347415924072,0.0022885524667799473,0.0024912699591368437,0.0026939876843243837,0.00289670517668128,0.00309942290186882,0.0033021403942257166,0.0035048581194132566,0.0037075758446007967,0.003910293336957693,0.004113011062145233,0.004315728787332773,0.004518446046859026,0.004721163772046566,0.004923881497234106,0.005126599222421646,0.005329316947609186,0.005532034207135439,0.005734751932322979,0.005937469657510519,0.006140187382698059,0.006342904642224312,0.006545622367411852,0.006748340092599392],"_type":"histogram"},"_wandb":{"runtime":4},"gradients/decode.0.weight":{"_type":"histogram","values":[1,0,0,0,0,4,3,6,5,10,13,7,19,20,21,32,55,39,73,96,120,182,268,313,481,759,1185,1959,5510,21306,2947,1488,916,624,398,287,197,149,110,84,54,75,38,35,24,16,7,11,15,6,8,2,3,5,4,4,0,2,1,1,1,0,0,1],"bins":[-0.009170744568109512,-0.008857589215040207,-0.008544433861970901,-0.008231277577579021,-0.007918122224509716,-0.007604966871440411,-0.007291811052709818,-0.0069786556996405125,-0.00666549988090992,-0.006352344527840614,-0.006039189174771309,-0.005726033356040716,-0.005412878002971411,-0.005099722184240818,-0.004786566831171513,-0.00447341101244092,-0.0041602556593716145,-0.0038471000734716654,-0.0035339444875717163,-0.0032207889016717672,-0.002907633315771818,-0.0025944779627025127,-0.0022813223768025637,-0.0019681667909026146,-0.0016550112050026655,-0.0013418556191027164,-0.0010287000332027674,-0.0007155445637181401,-0.00040238897781819105,-8.923342102207243e-05,0.00022392213577404618,0.0005370776634663343,0.0008502332493662834,0.0011633888352662325,0.0014765444211661816,0.0017896998906508088,0.0021028555929660797,0.002416010946035385,0.002729166531935334,0.0030423221178352833,0.0033554777037352324,0.0036686332896351814,0.003981788642704487,0.00429494446143508,0.004608099814504385,0.004921255633234978,0.005234410986304283,0.005547566805034876,0.005860722158104181,0.006173877511173487,0.0064870333299040794,0.006800188682973385,0.007113344501703978,0.007426499854773283,0.007739655673503876,0.008052811026573181,0.008365966379642487,0.008679121732711792,0.008992278017103672,0.009305433370172977,0.009618588723242283,0.009931744076311588,0.010244900360703468,0.010558055713772774,0.01087121106684208]},"train_bwd_loss_epoch":0.13452447950839996,"_step":0,"baseline_bwd_loss":0.06576772034168243,"test_bwd_loss_epoch":0.14540715515613556,"_timestamp":1.7307285964279435e+09,"gradients/decode.2.bias":{"_type":"histogram","values":[2,1,0,0,3,1,0,2,1,1,2,1,1,2,0,0,1,0,2,0,0,1,3,2,1,2,2,1,0,2,1,0,0,0,1,0,2,2,2,0,1,0,2,0,0,1,0,0,1,1,0,0,0,0,0,0,0,0,0,1,0,0,0,1],"bins":[-0.01956569403409958,-0.017638809978961945,-0.01571192406117916,-0.013785040006041527,-0.011858155019581318,-0.009931270033121109,-0.008004385977983475,-0.006077500991523266,-0.004150616005063057,-0.0022237312514334917,-0.00029684649780392647,0.0016300382558256388,0.003556923009455204,0.005483807995915413,0.0074106925167143345,0.009337577037513256,0.011264462023973465,0.013191347010433674,0.015118231996893883,0.017045116052031517,0.0189720019698143,0.020898886024951935,0.02282577008008957,0.024752655997872353,0.026679540053009987,0.02860642410814762,0.030533310025930405,0.03246019408106804,0.03438707813620567,0.03631396219134331,0.03824084997177124,0.040167734026908875,0.04209461808204651,0.04402150213718414,0.04594838619232178,0.04787527397274971,0.049802158027887344,0.05172904208302498,0.05365592613816261,0.05558281019330025,0.05750969797372818,0.059436582028865814,0.06136346608400345,0.06329035013914108,0.06521723419427872,0.06714411824941635,0.06907100230455399,0.07099788635969162,0.07292477786540985,0.07485166192054749,0.07677854597568512,0.07870543003082275,0.08063231408596039,0.08255919814109802,0.08448608219623566,0.08641296625137329,0.08833985030651093,0.09026673436164856,0.0921936184167862,0.09412050992250443,0.09604739397764206,0.0979742780327797,0.09990116208791733,0.10182804614305496,0.1037549301981926]},