{"test_loss_identity_epoch":0.03740283101797104,"_runtime":129.894060353,"gradients/embedding.encode.0.bias":{"_type":"histogram","values":[1,0,0,0,0,0,0,0,1,0,1,2,0,0,2,1,0,2,5,6,5,7,3,6,9,11,1,3,9,5,5,6,4,4,3,9,7,10,6,4,8,4,6,12,7,5,10,8,11,3,8,7,8,10,13,8,6,8,7,10,14,12,22,655],"bins":[-0.00018309483129996806,-0.00018023396842181683,-0.00017737312009558082,-0.00017451225721742958,-0.00017165140889119357,-0.00016879054601304233,-0.00016592969768680632,-0.00016306883480865508,-0.00016020797193050385,-0.00015734712360426784,-0.0001544862607261166,-0.0001516254123998806,-0.00014876454952172935,-0.0001459036866435781,-0.0001430428383173421,-0.00014018197543919086,-0.00013732112711295485,-0.00013446026423480362,-0.0001315994159085676,-0.00012873855303041637,-0.00012587769015226513,-0.00012301684182602912,-0.0001201559862238355,-0.00011729512334568426,-0.00011443426774349064,-0.00011157341214129701,-0.00010871255653910339,-0.00010585170093690977,-0.00010299084533471614,-0.0001001299824565649,-9.726912685437128e-05,-9.440827125217766e-05,-9.154741564998403e-05,-8.868656004779041e-05,-8.582570444559678e-05,-8.296484884340316e-05,-8.010398596525192e-05,-7.72431303630583e-05,-7.438227476086468e-05,-7.152141915867105e-05,-6.866056355647743e-05,-6.57997079542838e-05,-6.293884507613257e-05,-6.007799311191775e-05,-5.721713387174532e-05,-5.4356278269551694e-05,-5.149542266735807e-05,-4.863456342718564e-05,-4.5773707824992016e-05,-4.291285222279839e-05,-4.005199298262596e-05,-3.719113738043234e-05,-3.4330281778238714e-05,-3.146942253806628e-05,-2.860856693587266e-05,-2.5747711333679035e-05,-2.2886853912496008e-05,-2.002599649131298e-05,-1.7165140889119357e-05,-1.430428346793633e-05,-1.1443426956248004e-05,-8.582570444559678e-06,-5.721713478124002e-06,-2.860856739062001e-06,0]},"gradients/embedding.decode.2.weight":{"bins":[-0.0046860999427735806,-0.004546134267002344,-0.00440616812556982,-0.004266202449798584,-0.0041262367740273476,-0.003986270632594824,-0.0038463049568235874,-0.003706339281052351,-0.003566373372450471,-0.003426407463848591,-0.0032864417880773544,-0.0031464758794754744,-0.0030065099708735943,-0.002866544295102358,-0.002726578386500478,-0.0025866127107292414,-0.0024466468021273613,-0.0023066808935254812,-0.002166715217754245,-0.0020267493091523647,-0.0018867835169658065,-0.0017468177247792482,-0.0016068518161773682,-0.00146688602399081,-0.0013269202318042517,-0.0011869544396176934,-0.0010469886474311352,-0.0009070227388292551,-0.0007670569466426969,-0.0006270911544561386,-0.00048712530406191945,-0.00034715948277153075,-0.00020719412714242935,-6.722830585204065e-05,7.273751543834805e-05,0.00021270333672873676,0.00035266915801912546,0.0004926349502056837,0.0006326008005999029,0.000772566650994122,0.0009125324431806803,0.0010524982353672385,0.0011924640275537968,0.0013324299361556768,0.001472395728342235,0.0016123615205287933,0.0017523274291306734,0.0018922932213172317,0.00203225901350379,0.00217222492210567,0.0023121905978769064,0.0024521565064787865,0.002592122182250023,0.002732088090851903,0.002872053999453783,0.0030120196752250195,0.0031519855838268995,0.0032919514924287796,0.003431917168200016,0.003571883076801896,0.003711848985403776,0.0038518146611750126,0.003991780336946249,0.004131746478378773,0.004271712154150009],"_type":"histogram","values":[2,1,0,0,2,3,1,0,2,0,4,0,4,4,1,10,7,7,7,5,7,13,21,16,19,22,38,50,51,83,109,145,177,43259,3644,1863,81,39,30,39,29,32,25,24,16,17,11,12,10,6,4,9,9,7,5,0,1,2,2,2,3,2,2,4]},"gradients/embedding.encode.2.weight":{"_type":"histogram","values":[1,1,4,8,3,5,5,8,2,8,3,6,7,2,5,10,7,2,6,12,20,16,28,26,29,28,53,54,57,64,76,147,164,307,482,16286,525,375,252,180,113,84,79,51,76,44,33,41,52,31,40,15,4,8,6,5,8,4,10,5,6,7,3,1],"bins":[-0.0011694749118760228,-0.001136455568484962,-0.001103436341509223,-0.0010704169981181622,-0.0010373976547271013,-0.0010043784277513623,-0.0009713590843603015,-0.0009383397991769016,-0.0009053205139935017,-0.0008723012288101017,-0.0008392819436267018,-0.000806262600235641,-0.0007732433150522411,-0.0007402240298688412,-0.0007072046864777803,-0.0006741854012943804,-0.0006411661161109805,-0.0006081468309275806,-0.0005751275457441807,-0.0005421082023531199,-0.0005090889171697199,-0.00047606963198632,-0.00044305031769908965,-0.0004100310034118593,-0.00037701171822845936,-0.00034399243304505944,-0.00031097311875782907,-0.0002779538044705987,-0.0002449345192871988,-0.00021191521955188364,-0.0001788959198165685,-0.00014587662008125335,-0.00011285743676126003,-7.983813702594489e-05,-4.6818837290629745e-05,-1.37995375553146e-05,1.9219762180000544e-05,5.223906191531569e-05,8.525836165063083e-05,0.00011827766138594598,0.00015129696112126112,0.00018431626085657626,0.0002173355605918914,0.0002503548748791218,0.0002833741600625217,0.0003163934452459216,0.000349412759533152,0.00038243207382038236,0.00041545135900378227,0.0004484706441871822,0.00048148995847441256,0.0005145092727616429,0.0005475285579450428,0.0005805478431284428,0.0006135671865195036,0.0006465864717029035,0.0006796057568863034,0.0007126250420697033,0.0007456443272531033,0.0007786636706441641,0.000811682955827564,0.0008447022410109639,0.0008777215844020247,0.0009107408695854247,0.0009437601547688246]},"gradients/embedding.decode.0.weight":{"values":[1,0,0,0,0,0,3,1,2,4,1,1,4,6,4,2,12,5,2,5,6,10,14,16,21,15,34,31,45,62,85,97,93,106,124,17892,364,196,125,120,87,97,57,40,48,49,19,28,13,8,11,7,5,6,4,1,4,3,2,1,0,0,0,1],"bins":[-0.001675406820140779,-0.001628128462471068,-0.0015808501048013568,-0.0015335717471316457,-0.0014862933894619346,-0.0014390150317922235,-0.0013917366741225123,-0.0013444583164528012,-0.0012971798423677683,-0.0012499014846980572,-0.001202623127028346,-0.001155344769358635,-0.0011080664116889238,-0.0010607880540192127,-0.0010135096963495016,-0.0009662313386797905,-0.0009189529810100794,-0.0008716746233403683,-0.0008243962656706572,-0.000777117908000946,-0.0007298395503312349,-0.0006825611344538629,-0.0006352827767841518,-0.0005880044191144407,-0.0005407260614447296,-0.0004934477037750185,-0.00044616934610530734,-0.00039889095933176577,-0.00035161260166205466,-0.00030433424399234354,-0.000257055857218802,-0.00020977749954909086,-0.00016249925829470158,-0.00011522089334903285,-6.794252840336412e-05,-2.0664163457695395e-05,2.6614201487973332e-05,7.389256643364206e-05,0.00012117093137931079,0.00016844930360093713,0.00021572766127064824,0.00026300601894035935,0.00031028437661007047,0.00035756276338361204,0.00040484112105332315,0.00045211947872303426,0.0004993978654965758,0.0005466762231662869,0.0005939545808359981,0.0006412329385057092,0.0006885112961754203,0.0007357896538451314,0.0007830680115148425,0.0008303464273922145,0.0008776247850619256,0.0009249031427316368,0.0009721815004013479,0.00101945991627872,0.001066738273948431,0.0011140166316181421,0.0011612949892878532,0.0012085733469575644,0.0012558517046272755,0.0013031300622969866,0.0013504084199666977],"_type":"histogram"},"train_loss_identity_epoch":0.024618670344352722,"gradients/embedding.decode.2.bias":{"values":[1,1,0,0,0,0,0,0,0,0,0,0,0,0,0,0,1,1,2,0,0,1,2,1,1,3,3,3,3,1,2,3,2,2,0,1,0,1,0,1,0,2,1,1,3,1,1,1,0,0,0,1,0,0,0,0,0,0,0,0,0,0,1,2],