{"gradients/embedding.decode.2.bias":{"_type":"histogram","values":[5,9,8,9,7,14,9,12,3,7,54,730,12,10,9,7,5,6,2,4,4,2,0,2,3,1,2,0,5,6,3,5,4,3,3,0,4,3,0,2,1,4,2,3,4,2,0,1,1,1,1,0,0,0,0,1,0,1,0,1,1,0,1,1],"bins":[-0.0028573786839842796,-0.0025993152521550655,-0.0023412518203258514,-0.002083188621327281,-0.001825125189498067,-0.0015670617576688528,-0.0013089984422549605,-0.0010509351268410683,-0.0007928716950118542,-0.000534808321390301,-0.0002767449477687478,-1.8681574147194624e-05,0.00023938179947435856,0.0004974451730959117,0.0007555085467174649,0.0010135718621313572,0.0012716352939605713,0.0015296987257897854,0.0017877620412036777,0.00204582535661757,0.002303888788446784,0.002561952220275998,0.0028200154192745686,0.0030780788511037827,0.0033361422829329967,0.003594205714762211,0.003852269146591425,0.004110332578420639,0.004368395544588566,0.00462645897641778,0.004884522408246994,0.005142585840076208,0.005400648340582848,0.005658711772412062,0.005916775204241276,0.00617483863607049,0.006432902067899704,0.006690965034067631,0.006949028465896845,0.007207091897726059,0.007465155329555273,0.007723218761384487,0.007981281727552414,0.008239345625042915,0.008497408591210842,0.008755472488701344,0.00901353545486927,0.009271599352359772,0.009529662318527699,0.009787725284695625,0.010045789182186127,0.010303852148354053,0.010561916045844555,0.010819979012012482,0.011078042909502983,0.01133610587567091,0.011594168841838837,0.011852232739329338,0.012110295705497265,0.012368359602987766,0.012626422569155693,0.012884486466646194,0.013142549432814121,0.013400613330304623,0.01365867629647255]},"gradients/embedding.encode.1.bias":{"_type":"histogram","values":[1,0,0,1,904,23,6,5,1,3,2,2,1,1,4,3,2,1,1,0,0,2,3,1,3,1,2,0,1,0,3,2,0,1,2,2,1,0,0,1,0,1,2,0,1,0,0,2,0,1,1,0,3,1,0,1,0,0,0,0,0,0,0,1],"bins":[-0.0015475449617952108,-0.0012319643283262849,-0.0009163836948573589,-0.000600803061388433,-0.000285222427919507,3.0358205549418926e-05,0.0003459388390183449,0.0006615194724872708,0.0009771001059561968,0.0012926807394251227,0.0016082613728940487,0.0019238420063629746,0.0022394226398319006,0.0025550033897161484,0.0028705839067697525,0.0031861644238233566,0.0035017451737076044,0.003817325923591852,0.004132906440645456,0.0044484869576990604,0.004764067940413952,0.005079648457467556,0.00539522897452116,0.005710809491574764,0.006026390008628368,0.00634197099134326,0.006657551508396864,0.006973132025450468,0.0072887130081653595,0.007604293525218964,0.007919874042272568,0.008235454559326172,0.008551035076379776,0.00886661559343338,0.009182196110486984,0.009497776627540588,0.009813357144594193,0.010128938592970371,0.010444519110023975,0.01076009962707758,0.011075680144131184,0.011391260661184788,0.011706841178238392,0.012022421695291996,0.012338003143668175,0.012653583660721779,0.012969164177775383,0.013284744694828987,0.013600325211882591,0.013915905728936195,0.0142314862459898,0.014547066763043404,0.014862647280097008,0.015178228728473186,0.01549380924552679,0.01580938883125782,0.016124971210956573,0.016440551728010178,0.016756132245063782,0.017071712762117386,0.01738729327917099,0.017702873796224594,0.018018454313278198,0.018334034830331802,0.018649615347385406]},"test_loss_identity_epoch":0.10194207727909088,"_runtime":41.606474283,"gradients/embedding.decode.4.weight":{"bins":[-0.03220687061548233,-0.031654927879571915,-0.031102987006306648,-0.030551044270396233,-0.029999103397130966,-0.02944716066122055,-0.028895219787955284,-0.02834327705204487,-0.027791336178779602,-0.027239393442869186,-0.02668745070695877,-0.026135509833693504,-0.02558356709778309,-0.025031626224517822,-0.024479683488607407,-0.02392774261534214,-0.023375799879431725,-0.02282385714352131,-0.022271916270256042,-0.021719973534345627,-0.02116803266108036,-0.020616089925169945,-0.02006414905190468,-0.019512206315994263,-0.018960263580083847,-0.01840832270681858,-0.017856379970908165,-0.0173044390976429,-0.016752496361732483,-0.016200555488467216,-0.0156486127525568,-0.01509667094796896,-0.014544729143381119,-0.013992787338793278,-0.013440845534205437,-0.012888902798295021,-0.01233696099370718,-0.011785019189119339,-0.011233077384531498,-0.010681135579943657,-0.010129193775355816,-0.009577251970767975,-0.00902530923485756,-0.008473367430269718,-0.007921425625681877,-0.007369483821094036,-0.006817542016506195,-0.006265600211918354,-0.005713658407330513,-0.005161716137081385,-0.004609774332493544,-0.004057832527905703,-0.003505890490487218,-0.002953948453068733,-0.002402006648480892,-0.0018500647274777293,-0.0012981228064745665,-0.0007461808854714036,-0.00019423896446824074,0.0003577029565349221,0.000909644877538085,0.0014615867985412478,0.0020135287195444107,0.0025654705241322517,0.0031174125615507364],"_type":"histogram","values":[6,11,9,9,7,9,12,7,10,12,27,23,31,29,39,36,38,41,49,58,104,125,128,108,86,92,83,86,105,122,116,99,76,107,135,149,167,234,184,150,186,148,101,92,84,86,33,131,172,140,173,277,243,271,556,563,910,2282,39654,535,271,102,48,23]},"gradients/embedding.encode.1.weight":{"values":[9,0,15,0,0,0,3,0,17,0,24,42,15,39,12,41,27,23,45,9,22,36,45,30,12,29,14,39,45,77,27,60,56,66,83,32,59,44,88,126,88,73,125,42,46,57,95,114,172,106,97,81,113,137,158,94,197,311,741,45749,45,5,8,35],"bins":[-0.04838543385267258,-0.04756668210029602,-0.046747926622629166,-0.04592917487025261,-0.045110419392585754,-0.0442916676402092,-0.04347291216254234,-0.04265416041016579,-0.04183540493249893,-0.041016653180122375,-0.04019789770245552,-0.039379145950078964,-0.03856039047241211,-0.03774163872003555,-0.0369228832423687,-0.03610413148999214,-0.03528537601232529,-0.03446662425994873,-0.033647868782281876,-0.03282911702990532,-0.032010361552238464,-0.031191609799861908,-0.030372856184840202,-0.029554102569818497,-0.02873534895479679,-0.027916595339775085,-0.02709784172475338,-0.026279088109731674,-0.02546033449470997,-0.024641580879688263,-0.023822827264666557,-0.02300407364964485,-0.022185318171977997,-0.02136656641960144,-0.020547812804579735,-0.01972905918955803,-0.018910305574536324,-0.018091551959514618,-0.017272798344492912,-0.016454044729471207,-0.0156352911144495,-0.014816537499427795,-0.01399778388440609,-0.013179030269384384,-0.012360276654362679,-0.011541523039340973,-0.010722769424319267,-0.009904015809297562,-0.009085262194275856,-0.00826650857925415,-0.007447754964232445,-0.006629001349210739,-0.0058102477341890335,-0.004991494584828615,-0.0041727409698069096,-0.003353987354785204,-0.0025352337397634983,-0.0017164801247417927,-0.0008977266261354089,-7.897306932136416e-05,0.0007397804874926805,0.0015585341025143862,0.002377287484705448,0.0031960410997271538,0.004014794714748859],"_type":"histogram"},"train_loss_identity_epoch":0.08182188868522644,"gradients/embedding.encode.5.bias":{"_type":"histogram","values":[1,0,0,0,0,0,0,0,0,0,0,1,0,0,1,0,0,0,0,0,0,0,0,1,1,0,0,0,0,0,0,7,2,0,0,0,0,0,0,0,0,1,0,1,0,0,1,0,0,0,0,1,0,0,0,0,1,0,0,0,0,0,0,1],