{"_wandb":{"runtime":255},"gradients/embedding.encode.2.bias":{"bins":[-0.002575292019173503,-0.0024882506113499403,-0.002401208970695734,-0.0023141675628721714,-0.0022271261550486088,-0.0021400845143944025,-0.00205304310657084,-0.0019660016987472773,-0.0018789601745083928,-0.0017919186502695084,-0.0017048772424459457,-0.0016178357182070613,-0.0015307941939681768,-0.0014437527861446142,-0.0013567112619057298,-0.0012696698540821671,-0.0011826283298432827,-0.0010955868056043983,-0.0010085453977808356,-0.0009215038735419512,-0.0008344624075107276,-0.0007474209414795041,-0.0006603794172406197,-0.0005733379512093961,-0.0004862964851781726,-0.00039925501914694905,-0.00031221352401189506,-0.0002251720434287563,-0.00013813056284561753,-5.108908226247877e-05,3.5952398320659995e-05,0.00012299387890379876,0.00021003559231758118,0.0002970770583488047,0.0003841185534838587,0.0004711600486189127,0.0005582015146501362,0.0006452429806813598,0.0007322845049202442,0.0008193259709514678,0.0009063674369826913,0.0009934089612215757,0.0010804503690451384,0.0011674918932840228,0.0012545334175229073,0.0013415748253464699,0.0014286163495853543,0.001515657757408917,0.0016026992816478014,0.0016897408058866858,0.0017767822137102485,0.001863823737949133,0.0019508651457726955,0.002037906786426902,0.0021249481942504644,0.002211989602074027,0.0022990312427282333,0.002386072650551796,0.0024731140583753586,0.002560155466198921,0.0026471971068531275,0.00273423851467669,0.0028212799225002527,0.002908321563154459,0.0029953629709780216],"_type":"histogram","values":[1,0,0,0,1,1,0,0,1,0,0,0,1,1,0,0,0,0,0,0,0,1,0,0,0,0,1,1,2,3,1,0,1,0,0,0,0,0,0,0,0,0,0,0,0,1,0,0,0,0,0,0,0,0,0,1,0,0,0,1,0,0,0,1]},"gradients/embedding.encode.0.weight":{"bins":[-0.0011156494729220867,-0.0010847012745216489,-0.001053753076121211,-0.0010228047613054514,-0.0009918565629050136,-0.0009609083645045757,-0.000929960107896477,-0.0008990118512883782,-0.0008680636528879404,-0.0008371154544875026,-0.0008061671978794038,-0.0007752189412713051,-0.0007442707428708673,-0.0007133225444704294,-0.0006823742878623307,-0.0006514260312542319,-0.0006204778328537941,-0.0005895296344533563,-0.0005585813778452575,-0.0005276331212371588,-0.0004966849228367209,-0.00046573669533245265,-0.00043478846782818437,-0.0004038402403239161,-0.0003728920128196478,-0.0003419437853153795,-0.0003109955578111112,-0.0002800473303068429,-0.00024909910280257463,-0.00021815087529830635,-0.00018720264779403806,-0.00015625442028976977,-0.00012530607637017965,-9.435784886591136e-05,-6.340962136164308e-05,-3.246139385737479e-05,-1.5131663531064987e-06,2.943506115116179e-05,6.038328865543008e-05,9.133151615969837e-05,0.00012227974366396666,0.00015322797116823494,0.00018417619867250323,0.00021512442617677152,0.0002460726536810398,0.0002770208811853081,0.0003079691086895764,0.0003389173361938447,0.00036986556369811296,0.00040081379120238125,0.00043176201870664954,0.00046271024621091783,0.0004936584737151861,0.000524606672115624,0.0005555549287237227,0.0005865031853318214,0.0006174513837322593,0.0006483995821326971,0.0006793478387407959,0.0007102960953488946,0.0007412442937493324,0.0007721924921497703,0.000803140748757869,0.0008340890053659678,0.0008650372037664056],"_type":"histogram","values":[2,0,0,1,3,6,4,8,4,6,17,16,21,18,16,29,29,33,28,41,39,43,44,53,58,62,86,99,103,96,110,140,148,138,212,427,47444,116,63,41,33,37,17,23,16,14,7,8,7,3,6,7,4,2,2,3,0,1,2,2,1,0,0,1]},"gradients/embedding.decode.2.weight":{"values":[1,0,0,1,0,1,0,1,1,0,1,1,2,1,0,1,2,1,0,1,3,3,2,4,6,3,8,7,5,11,11,13,22,16,22,35,37,41,84,49467,51,26,27,21,15,8,4,5,1,4,1,3,2,1,3,3,2,2,1,1,1,1,1,1],"bins":[-0.013504802249372005,-0.013161076232790947,-0.012817349284887314,-0.012473623268306255,-0.012129897251725197,-0.011786171235144138,-0.01144244521856308,-0.011098718270659447,-0.010754992254078388,-0.01041126623749733,-0.010067539289593697,-0.009723813273012638,-0.00938008725643158,-0.009036361239850521,-0.008692635223269463,-0.00834890827536583,-0.008005182258784771,-0.0076614562422037125,-0.007317729759961367,-0.006974003277719021,-0.006630277261137962,-0.006286551244556904,-0.005942824762314558,-0.005599098280072212,-0.005255372263491154,-0.004911646246910095,-0.004567919764667749,-0.004224193282425404,-0.003880467265844345,-0.003536741016432643,-0.0031930147670209408,-0.0028492885176092386,-0.002505561336874962,-0.0021618350874632597,-0.0018181088380515575,-0.0014743825886398554,-0.0011306563392281532,-0.0007869300898164511,-0.0004432038404047489,-9.947759099304676e-05,0.0002442486584186554,0.0005879749078303576,0.0009317011572420597,0.0012754274066537619,0.001619153656065464,0.001962879905477166,0.0023066061548888683,0.0026503324043005705,0.0029940586537122726,0.003337784903123975,0.003681511152535677,0.004025237634778023,0.004368963651359081,0.00471268966794014,0.005056416150182486,0.005400142632424831,0.00574386864900589,0.006087594665586948,0.006431321147829294,0.00677504763007164,0.0071187736466526985,0.007462499663233757,0.007806226145476103,0.008149952627718449,0.008493678644299507],"_type":"histogram"},"_timestamp":1.7307159061036606e+09,"gradients/embedding.decode.0.weight":{"_type":"histogram","values":[1,0,1,0,1,2,1,1,2,3,1,1,3,3,2,5,2,4,3,5,4,1,4,7,4,3,7,9,38,19820,15,4,4,1,1,3,3,1,1,3,0,3,0,4,1,1,2,1,1,2,1,0,1,3,0,1,1,1,0,1,0,1,0,1],"bins":[-0.0030369251035153866,-0.002933917101472616,-0.002830909099429846,-0.0027279010973870754,-0.002624893095344305,-0.002521884860470891,-0.0024188768584281206,-0.0023158688563853502,-0.00221286085434258,-0.0021098528522998095,-0.002006844850257039,-0.0019038367317989469,-0.0018008287297561765,-0.001697820727713406,-0.0015948126092553139,-0.0014918046072125435,-0.001388796605169773,-0.0012857886031270027,-0.0011827806010842323,-0.0010797724826261401,-0.0009767644805833697,-0.0008737564785405993,-0.000770748418290168,-0.0006677403580397367,-0.0005647323559969664,-0.0004617243248503655,-0.0003587162937037647,-0.00025570826255716383,-0.000152700231410563,-4.969220026396215e-05,5.331583088263869e-05,0.00015632386202923954,0.0002593316603451967,0.00036233969149179757,0.0004653477226383984,0.0005683557828888297,0.0006713637849316001,0.0007743717869743705,0.0008773798472248018,0.000980387907475233,0.0010833959095180035,0.0011864039115607738,0.0012894119136035442,0.0013924200320616364,0.0014954280341044068,0.0015984360361471772,0.0017014441546052694,0.0018044521566480398,0.0019074601586908102,0.0020104681607335806,0.002113476162776351,0.0022164841648191214,0.0023194923996925354,0.002422500401735306,0.002525508403778076,0.0026285164058208466,0.002731524407863617,0.0028345324099063873,0.0029375404119491577,0.003040548413991928,0.0031435564160346985,0.0032465646509081125,0.003349572652950883,0.0034525806549936533,0.0035555886570364237]},"_step":100,"_runtime":255.839645909,"train_loss_identity_epoch":0.059898681938648224,"gradients/embedding.encode.0.bias":{"values":[1,0,0,0,0,0,0,1,0,1,1,0,1,2,0,0,0,0,1,1,0,2,0,1,0,0,1,0,2,1,2,0,0,0,1,0,2,2,1,0,0,1,2,1,2,3,1,2,1,0,0,1,1,2,2,0,2,0,0,1,1,3,1,949],