{"baseline_identity_loss":0.10834325104951859,"gradients/embedding.decode.2.weight":{"values":[1,0,0,1,1,1,0,1,0,0,1,0,1,0,1,0,7,3,4,5,6,3,9,14,10,28,22,28,28,38,59,35,71,54,81,126,2536,1468,114,46,37,24,24,13,19,16,11,5,5,8,8,8,5,0,3,0,2,2,2,1,1,2,0,1],"bins":[-0.015934808179736137,-0.01549767330288887,-0.015060539357364178,-0.014623405411839485,-0.014186270534992218,-0.01374913565814495,-0.013312001712620258,-0.012874867767095566,-0.012437732890248299,-0.012000598013401031,-0.011563464067876339,-0.011126330122351646,-0.01068919524550438,-0.010252060368657112,-0.00981492642313242,-0.009377792477607727,-0.00894065760076046,-0.008503522723913193,-0.0080663887783885,-0.00762925436720252,-0.0071921199560165405,-0.006754985544830561,-0.006317851133644581,-0.005880716722458601,-0.005443582311272621,-0.005006447900086641,-0.0045693134889006615,-0.004132179077714682,-0.0036950446665287018,-0.003257910255342722,-0.002820775844156742,-0.0023836414329707623,-0.0019465070217847824,-0.0015093726105988026,-0.0010722381994128227,-0.0006351037882268429,-0.00019796937704086304,0.0002391650341451168,0.0006762994453310966,0.0011134338565170765,0.0015505682677030563,0.001987702678889036,0.002424837090075016,0.002861971501260996,0.0032991059124469757,0.0037362403236329556,0.004173374734818935,0.004610509146004915,0.005047643557190895,0.005484777968376875,0.005921912379562855,0.006359046790748835,0.0067961812019348145,0.007233315613120794,0.007670450024306774,0.008107583969831467,0.008544718846678734,0.008981853723526001,0.009418987669050694,0.009856121614575386,0.010293256491422653,0.01073039136826992,0.011167525313794613,0.011604659259319305,0.012041794136166573],"_type":"histogram"},"test_loss_identity_epoch":0.08016255497932434,"gradients/embedding.decode.0.weight":{"values":[2,2,1,0,0,1,2,1,2,2,5,1,2,8,7,10,6,9,9,12,17,14,17,21,22,27,30,24,33,36,48,41,52,367,44,20,24,16,9,6,5,6,5,3,4,3,1,0,1,2,3,3,0,0,2,1,3,0,3,0,0,0,3,2],"bins":[-0.002347682137042284,-0.002277397084981203,-0.002207112032920122,-0.002136827213689685,-0.002066542161628604,-0.001996257109567523,-0.001925972173921764,-0.0018556872382760048,-0.0017854021862149239,-0.001715117134153843,-0.0016448321985080838,-0.0015745472628623247,-0.0015042622108012438,-0.0014339771587401628,-0.0013636922230944037,-0.0012934072874486446,-0.0012231222353875637,-0.0011528371833264828,-0.0010825522476807237,-0.0010122673120349646,-0.0009419822599738836,-0.0008716972661204636,-0.0008014122722670436,-0.0007311272784136236,-0.0006608422845602036,-0.0005905572907067835,-0.0005202722968533635,-0.0004499873029999435,-0.0003797023091465235,-0.00030941731529310346,-0.00023913232143968344,-0.00016884732758626342,-9.85623337328434e-05,-2.827733987942338e-05,4.200765397399664e-05,0.00011229264782741666,0.00018257764168083668,0.0002528626355342567,0.0003231476293876767,0.00039343262324109674,0.00046371761709451675,0.0005340026109479368,0.0006042876048013568,0.0006745725986547768,0.0007448575925081968,0.0008151425863616168,0.0008854275802150369,0.0009557125740684569,0.001025997567921877,0.0010962826199829578,0.001166567555628717,0.001236852491274476,0.001307137543335557,0.001377422595396638,0.001447707531042397,0.0015179924666881561,0.001588277518749237,0.001658562570810318,0.001728847506456077,0.0017991324421018362,0.0018694174941629171,0.001939702546223998,0.0020099873654544353,0.0020802724175155163,0.002150557469576597],"_type":"histogram"},"gradients/embedding.decode.2.bias":{"values":[1,0,0,0,0,0,0,0,0,0,0,0,0,0,0,0,2,1,0,0,2,2,1,0,2,3,0,0,3,2,1,1,1,0,2,3,2,3,3,3,2,0,1,1,0,1,1,1,0,0,0,2,0,0,1,0,0,0,0,0,0,1,0,1],"bins":[-0.02251531183719635,-0.021889740601181984,-0.021264169365167618,-0.020638596266508102,-0.020013025030493736,-0.01938745379447937,-0.018761882558465004,-0.018136311322450638,-0.017510738223791122,-0.016885166987776756,-0.01625959575176239,-0.015634024515748024,-0.015008453279733658,-0.014382881112396717,-0.013757309876382351,-0.01313173770904541,-0.012506166473031044,-0.011880595237016678,-0.011255023069679737,-0.010629451833665371,-0.01000387966632843,-0.009378308430314064,-0.008752737194299698,-0.008127165026962757,-0.007501593790948391,-0.0068760220892727375,-0.006250450387597084,-0.005624879151582718,-0.0049993074499070644,-0.004373735748231411,-0.003748164279386401,-0.0031225928105413914,-0.002497022971510887,-0.0018714513862505555,-0.0012458798009902239,-0.0006203082157298923,5.263369530439377e-06,0.000630834954790771,0.0012564065400511026,0.0018819781253114343,0.002507549710571766,0.0031331214122474194,0.003758692881092429,0.004384264349937439,0.005009836051613092,0.005635407753288746,0.006260978989303112,0.0068865506909787655,0.007512122392654419,0.008137693628668785,0.008763265796005726,0.009388837032020092,0.010014409199357033,0.010639980435371399,0.011265551671385765,0.011891123838722706,0.012516695074737072,0.013142266310751438,0.013767838478088379,0.014393409714102745,0.015018980950117111,0.015644552186131477,0.016270125284790993,0.01689569652080536,0.017521267756819725],"_type":"histogram"},"gradients/embedding.encode.0.bias":{"_type":"histogram","values":[1,0,0,0,0,0,0,1,0,0,0,1,1,0,0,0,0,3,2,0,0,1,1,0,0,1,1,3,2,2,0,4,1,3,3,3,0,4,2,1,0,0,2,1,5,1,4,1,2,0,2,4,3,2,2,2,0,3,2,1,3,2,1,16],"bins":[-0.0004841601476073265,-0.0004765951307490468,-0.00046903014299459755,-0.0004614651552401483,-0.0004539001383818686,-0.0004463351215235889,-0.00043877013376913965,-0.0004312051460146904,-0.0004236401291564107,-0.000416075112298131,-0.00040851012454368174,-0.0004009451367892325,-0.0003933801199309528,-0.0003858151030726731,-0.00037825011531822383,-0.0003706851275637746,-0.0003631201107054949,-0.0003555550938472152,-0.00034799010609276593,-0.0003404251183383167,-0.000332860101480037,-0.00032529508462175727,-0.000317730096867308,-0.00031016510911285877,-0.00030260009225457907,-0.00029503507539629936,-0.0002874700876418501,-0.00027990509988740087,-0.00027234008302912116,-0.00026477506617084146,-0.0002572100784163922,-0.00024964509066194296,-0.00024208007380366325,-0.00023451507149729878,-0.0002269500691909343,-0.00021938506688456982,-0.00021182006457820535,-0.00020425506227184087,-0.0001966900599654764,-0.00018912505765911192,-0.00018156005535274744,-0.00017399505304638296,-0.0001664300507400185,-0.000158865048433654,-0.00015130004612728953,-0.00014373504382092506,-0.00013617004151456058,-0.0001286050392081961,-0.00012104003690183163,-0.00011347503459546715,-0.00010591003228910267,-9.83450299827382e-05,-9.078002767637372e-05,-8.321502537000924e-05,-7.565002306364477e-05,-6.808502075728029e-05,-6.0520018450915813e-05,-5.295501614455134e-05,-4.539001383818686e-05,-3.7825011531822383e-05,-3.0260009225457907e-05,-2.269500691909343e-05,-1.5130004612728953e-05,-7.565002306364477e-06,-9.305686765451118e-18]},"_runtime":85.66811058,"_step":100,"gradients/embedding.encode.0.weight":{"_type":"histogram","values":[1,2,1,3,8,10,14,23,32,47,61,78,102,95,107,111,100,135,157,352,1042,102,98,18,171,19,77,68,75,212,159,61,103,196,58,202,3,47,0,100,0,61,189,100,50,100,0,50,0,100,0,0,0,0,0,0,50,0,0,0,0,0,0,50],