{"gradients/embedding.decode.0.bias":{"_type":"histogram","values":[1,10,6,4,12,8,4,7,7,10,10,9,10,10,9,1,5,9,9,13,3,14,11,7,7,3,11,16,9,10,6,14,14,7,9,10,7,5,9,11,9,10,7,17,8,14,15,7,10,12,5,15,11,11,16,16,12,14,21,29,16,28,59,1301],"bins":[-0.0003875280963256955,-0.00038146122824400663,-0.0003753943310584873,-0.0003693274629767984,-0.00036326059489510953,-0.00035719372681342065,-0.0003511268296279013,-0.00034505996154621243,-0.00033899309346452355,-0.0003329261962790042,-0.00032685932819731534,-0.00032079246011562645,-0.0003147255920339376,-0.00030865869484841824,-0.00030259182676672935,-0.0002965249586850405,-0.0002904580906033516,-0.00028439119341783226,-0.0002783243253361434,-0.0002722574572544545,-0.00026619056006893516,-0.0002601236919872463,-0.0002540568239055574,-0.0002479899558238685,-0.00024192305863834918,-0.0002358561905566603,-0.00022978930792305619,-0.0002237224398413673,-0.0002176555572077632,-0.00021158868912607431,-0.0002055218064924702,-0.00019945493841078132,-0.00019338805577717721,-0.00018732118769548833,-0.00018125430506188422,-0.00017518743698019534,-0.00016912055434659123,-0.00016305367171298712,-0.00015698680363129824,-0.00015091992099769413,-0.00014485305291600525,-0.00013878617028240114,-0.00013271930220071226,-0.00012665241956710815,-0.00012058554420946166,-0.00011451866885181516,-0.00010845179349416867,-0.00010238491813652217,-9.631804277887568e-05,-9.025116014527157e-05,-8.418428478762507e-05,-7.811740942997858e-05,-7.205053407233208e-05,-6.598365871468559e-05,-5.9916783357039094e-05,-5.384990436141379e-05,-4.77830290037673e-05,-4.17161536461208e-05,-3.5649278288474306e-05,-2.9582401111838408e-05,-2.351552393520251e-05,-1.7448648577556014e-05,-1.1381772310414817e-05,-5.314895588526269e-06,7.519805649280897e-07]},"gradients/embedding.decode.2.bias":{"values":[2,0,0,0,2,1,1,1,3,2,2,1,0,2,2,0,0,0,1,2,0,0,0,1,1,1,1,0,1,1,0,1,1,2,2,3,5,0,0,0,1,0,0,1,0,0,2,0,1,1,0,0,0,0,0,1,0,0,0,0,0,0,0,1],"bins":[0.00534139946103096,0.005834368523210287,0.006327337585389614,0.006820306647568941,0.007313275709748268,0.007806244306266308,0.008299213834106922,0.008792182430624962,0.009285151958465576,0.009778120554983616,0.010271089151501656,0.01076405867934227,0.01125702727586031,0.011749996803700924,0.012242965400218964,0.012735934928059578,0.013228903524577618,0.013721872121095657,0.014214841648936272,0.014707810245454311,0.015200779773294926,0.015693748369812965,0.01618671789765358,0.016679687425494194,0.01717265509068966,0.017665624618530273,0.018158594146370888,0.018651561811566353,0.019144531339406967,0.01963750086724758,0.020130470395088196,0.02062343806028366,0.021116407588124275,0.02160937711596489,0.022102344781160355,0.02259531430900097,0.023088283836841583,0.023581253364682198,0.024074221029877663,0.024567190557718277,0.02506016008555889,0.025553127750754356,0.02604609727859497,0.026539066806435585,0.0270320363342762,0.027525003999471664,0.02801797352731228,0.028510943055152893,0.029003910720348358,0.029496880248188972,0.029989849776029587,0.0304828193038702,0.030975786969065666,0.03146875649690628,0.031961724162101746,0.03245469555258751,0.032947663217782974,0.03344063088297844,0.0339336022734642,0.03442656993865967,0.03491954132914543,0.0354125089943409,0.03590547665953636,0.036398448050022125,0.03689141571521759],"_type":"histogram"},"_timestamp":1.7307172940035138e+09,"train_loss_identity_epoch":0.9471834897994995,"gradients/embedding.encode.0.bias":{"_type":"histogram","values":[1,0,0,0,0,0,0,0,2,0,1,0,1,1,0,2,1,2,0,2,1,2,0,3,5,4,2,4,6,5,6,3,12,7,10,7,8,9,16,18,14,18,19,25,21,34,16,24,31,23,34,42,51,41,38,29,41,52,49,51,40,51,48,1067],"bins":[-2.7449459594208747e-07,-2.70186973239106e-07,-2.658793221144151e-07,-2.6157169941143366e-07,-2.5726404828674276e-07,-2.529564255837613e-07,-2.486487744590704e-07,-2.4434115175608895e-07,-2.4003350063139806e-07,-2.3572586371756188e-07,-2.314182268037257e-07,-2.2711058988988952e-07,-2.2280295297605335e-07,-2.1849531606221717e-07,-2.14187679148381e-07,-2.0988004223454482e-07,-2.0557240532070864e-07,-2.0126478261772718e-07,-1.96957145703891e-07,-1.9264950879005482e-07,-1.8834187187621865e-07,-1.8403423496238247e-07,-1.797265980485463e-07,-1.7541896113471012e-07,-1.7111132422087394e-07,-1.6680368730703776e-07,-1.6249605039320159e-07,-1.581884134793654e-07,-1.5388077656552923e-07,-1.4957313965169305e-07,-1.4526550273785688e-07,-1.409578658240207e-07,-1.3665022891018452e-07,-1.3234259199634835e-07,-1.2803495508251217e-07,-1.23727318168676e-07,-1.1941968125483982e-07,-1.1511204434100364e-07,-1.1080440742716746e-07,-1.0649677051333128e-07,-1.0218914070492247e-07,-9.788150379108629e-08,-9.357386687725011e-08,-8.926622996341393e-08,-8.495859304957776e-08,-8.065095613574158e-08,-7.63433192219054e-08,-7.203568230806923e-08,-6.772804539423305e-08,-6.342040848039687e-08,-5.9112771566560696e-08,-5.480513465272452e-08,-5.049750129160202e-08,-4.6189864377765844e-08,-4.1882227463929667e-08,-3.757459055009349e-08,-3.326695363625731e-08,-2.8959316722421136e-08,-2.4651681584941798e-08,-2.034404467110562e-08,-1.6036407757269444e-08,-1.1728771731611687e-08,-7.42113481777551e-09,-3.1134985700731477e-09,1.1941378996738194e-09]},"_runtime":59.695972055,"test_loss_identity_epoch":0.7716724872589111,"baseline_identity_loss":0.05171294882893562,"gradients/embedding.encode.2.weight":{"_type":"histogram","values":[1,0,0,2,2,1,3,6,3,10,10,15,19,30,34,53,75,101,141,180,264,354,486,539,723,790,2310,25351,2576,1787,1225,814,529,396,303,204,149,105,81,77,52,45,28,30,17,16,13,12,4,7,5,5,2,4,4,1,0,2,1,2,0,0,0,1],"bins":[-0.0003843659069389105,-0.00037028698716312647,-0.00035620806738734245,-0.000342129118507728,-0.00032805019873194396,-0.00031397127895615995,-0.0002998923300765455,-0.00028581341030076146,-0.00027173449052497745,-0.00025765557074919343,-0.00024357663642149419,-0.00022949770209379494,-0.00021541878231801093,-0.0002013398625422269,-0.00018726092821452767,-0.00017318199388682842,-0.0001591030741110444,-0.0001450241543352604,-0.00013094522000756115,-0.00011686629295581952,-0.00010278736590407789,-8.870843885233626e-05,-7.462951180059463e-05,-6.0550584748853e-05,-4.647165769711137e-05,-3.239273064536974e-05,-1.831380359362811e-05,-4.234876541886479e-06,9.844050509855151e-06,2.392297756159678e-05,3.800190461333841e-05,5.208083166508004e-05,6.615975871682167e-05,8.02386857685633e-05,9.431761282030493e-05,0.00010839653987204656,0.0001224754669237882,0.0001365543866995722,0.00015063332102727145,0.0001647122553549707,0.0001787911751307547,0.00019287009490653872,0.00020694902923423797,0.0002210279635619372,0.00023510688333772123,0.00024918580311350524,0.0002632647519931197,0.00027734367176890373,0.00029142259154468775,0.00030550151132047176,0.0003195804310962558,0.00033365937997587025,0.00034773829975165427,0.0003618172195274383,0.00037589616840705276,0.00038997508818283677,0.0004040540079586208,0.0004181329277344048,0.0004322118475101888,0.0004462907963898033,0.0004603697161655873,0.0004744486359413713,0.0004885275848209858,0.0005026065045967698,0.0005166854243725538]},