{"train_fwd_loss_epoch":0.03706437721848488,"baseline_fwd_loss":0.05929413437843323,"baseline_bwd_loss":0.05859149619936943,"gradients/encode.3.weight":{"values":[1,1,4,6,11,18,21,36,35,59,84,138,181,255,524,1161,2978,17523,4429,2896,2137,1453,1132,873,700,553,446,379,291,259,211,167,162,128,110,72,77,72,61,56,43,47,29,29,26,18,15,17,11,14,11,6,9,2,3,2,5,4,2,2,2,1,0,2],"bins":[-0.0070220245979726315,-0.006616262253373861,-0.006210499908775091,-0.005804738029837608,-0.005398975685238838,-0.004993213340640068,-0.004587450996041298,-0.004181688651442528,-0.0037759265396744013,-0.003370164195075631,-0.0029644020833075047,-0.0025586397387087345,-0.0021528773941099644,-0.0017471152823418379,-0.0013413529377430677,-0.0009355907095596194,-0.0005298284813761711,-0.00012406622408889234,0.00028169603319838643,0.0006874583195894957,0.001093220547772944,0.0014989827759563923,0.0019047451205551624,0.002310507232323289,0.002716269576922059,0.003122031921520829,0.0035277940332889557,0.003933556377887726,0.004339318722486496,0.004745081067085266,0.005150842946022749,0.005556605290621519,0.005962367169559002,0.006368129514157772,0.006773891858756542,0.007179653737694025,0.007585416082292795,0.007991178892552853,0.008396940305829048,0.008802702650427818,0.009208464995026588,0.009614227339625359,0.010019989684224129,0.010425752028822899,0.010831514373421669,0.01123727671802044,0.01164303906261921,0.01204880140721798,0.01245456375181675,0.012860325165092945,0.013266087509691715,0.013671849854290485,0.014077612198889256,0.014483374543488026,0.014889136888086796,0.015294899232685566,0.01570066064596176,0.01610642299056053,0.016512185335159302,0.016917947679758072,0.017323710024356842,0.017729472368955612,0.018135234713554382,0.018540997058153152,0.018946759402751923],"_type":"histogram"},"gradients/encode.3.bias":{"_type":"histogram","values":[1,0,0,0,0,0,0,0,0,0,1,0,1,0,0,0,0,2,0,0,1,2,1,0,1,0,1,0,0,0,1,1,1,1,0,0,0,0,0,0,0,0,0,2,0,0,1,0,0,0,0,1,0,0,0,0,0,0,0,0,0,0,0,1],"bins":[-0.01453338097780943,-0.013606352731585503,-0.012679323554039001,-0.011752295307815075,-0.010825266130268574,-0.009898237884044647,-0.008971208706498146,-0.00804418046027422,-0.007117151748389006,-0.006190123036503792,-0.005263094324618578,-0.004336065612733364,-0.003409037133678794,-0.00248200842179358,-0.001554979826323688,-0.0006279511726461351,0.00029907748103141785,0.0012261061929166317,0.0021531349048018456,0.0030801633838564157,0.004007192328572273,0.0049342205747962,0.005861249286681414,0.0067882779985666275,0.007715306710451841,0.008642335422337055,0.009569363668560982,0.010496392846107483,0.01142342109233141,0.01235045026987791,0.013277478516101837,0.014204507693648338,0.01513153500854969,0.01605856418609619,0.016985591500997543,0.017912620678544044,0.018839649856090546,0.019766679033637047,0.0206937063485384,0.0216207355260849,0.0225477647036314,0.023474792018532753,0.024401821196079254,0.025328850373625755,0.026255879551172256,0.02718290686607361,0.02810993604362011,0.02903696522116661,0.029963992536067963,0.030891021713614464,0.031818050891160965,0.03274507820606232,0.03367210924625397,0.03459913656115532,0.03552616387605667,0.03645319491624832,0.03738022223114967,0.038307249546051025,0.039234280586242676,0.04016130790114403,0.04108833894133568,0.04201536625623703,0.04294239357113838,0.04386942461133003,0.044796451926231384]},"gradients/decode.2.weight":{"values":[1,0,1,3,7,6,11,18,25,32,32,32,51,43,28,44,48,70,86,126,209,322,543,810,1082,1448,1956,2736,3413,4847,24137,39754,5802,2633,1700,1325,1158,977,777,611,460,402,362,361,264,237,195,177,130,112,104,84,51,52,36,24,14,11,10,5,2,2,0,1],"bins":[-0.008821690455079079,-0.008537320420145988,-0.008252950385212898,-0.007968581281602383,-0.0076842112466692924,-0.007399841211736202,-0.007115471176803112,-0.006831101607531309,-0.006546731572598219,-0.006262361537665129,-0.005977991968393326,-0.005693621933460236,-0.005409251898527145,-0.0051248823292553425,-0.004840512294322252,-0.004556142725050449,-0.004271772690117359,-0.003987402655184269,-0.003703033085912466,-0.003418663050979376,-0.0031342932488769293,-0.0028499234467744827,-0.0025655534118413925,-0.002281183609738946,-0.0019968138076364994,-0.0017124440055340528,-0.0014280740870162845,-0.001143704168498516,-0.0008593343663960695,-0.0005749645060859621,-0.0002905946457758546,-6.224785465747118e-06,0.00027814414352178574,0.0005625140038318932,0.0008468838641420007,0.001131253782659769,0.0014156235847622156,0.0016999933868646622,0.0019843634217977524,0.002268733223900199,0.0025531030260026455,0.002837472828105092,0.0031218426302075386,0.003406212665140629,0.0036905824672430754,0.003974952269345522,0.004259322304278612,0.004543691873550415,0.004828061908483505,0.0051124319434165955,0.005396801512688398,0.005681171547621489,0.0059655411168932915,0.006249911151826382,0.006534281186759472,0.006818650756031275,0.007103020790964365,0.007387390825897455,0.007671760395169258,0.007956130430102348,0.008240500465035439,0.008524870499968529,0.008809239603579044,0.009093609638512135,0.009377979673445225],"_type":"histogram"},"test_bwd_loss_epoch":0.050842199474573135,"train_bwd_loss_epoch":0.04081704095005989,"_wandb":{"runtime":343},"gradients/decode.0.bias":{"bins":[-0.005204531829804182,-0.005060886964201927,-0.004917242098599672,-0.004773597698658705,-0.00462995283305645,-0.004486307967454195,-0.00434266310185194,-0.004199018236249685,-0.00405537337064743,-0.003911728970706463,-0.003768084105104208,-0.003624439239501953,-0.0034807943738996983,-0.003337149741128087,-0.003193504875525832,-0.003049860242754221,-0.002906215377151966,-0.0027625705115497112,-0.0026189258787781,-0.002475281013175845,-0.002331636380404234,-0.002187991514801979,-0.002044346649199724,-0.0019007019000127912,-0.0017570571508258581,-0.001613412401638925,-0.001469767652451992,-0.0013261227868497372,-0.0011824780376628041,-0.001038833288475871,-0.0008951884810812771,-0.0007515436736866832,-0.0006078984588384628,-0.00046425368054769933,-0.00032060890225693583,-0.00017696412396617234,-3.331934567540884e-05,0.00011032543261535466,0.00025397021090611815,0.00039761498919688165,0.0005412597674876451,0.0006849045166745782,0.0008285493240691721,0.0009721941314637661,0.0011158388806506991,0.0012594836298376322,0.001403128495439887,0.00154677324462682,0.0016904179938137531,0.0018340627430006862,0.001977707492187619,0.002121352357789874,0.0022649969905614853,0.00240864185616374,0.002552286721765995,0.0026959313545376062,0.002839576220139861,0.002983221085742116,0.003126865718513727,0.003270510584115982,0.003414155449718237,0.003557800082489848,0.003701444948092103,0.0038450895808637142,0.003988734446465969],"_type":"histogram","values":[1,0,0,0,0,0,0,2,1,3,3,4,2,0,9,5,15,15,10,13,15,19,17,15,29,29,28,35,38,41,43,44,42,70,54,88,774,78,58,64,49,44,38,32,26,25,27,14,13,19,11,7,4,7,3,3,2,4,3,1,2,0,1,1]},"_timestamp":1.7307258411991735e+09,"test_fwd_loss_epoch":0.0470600388944149,"gradients/encode.0.weight":{"values":[2,0,2,2,3,17,9,17,15,30,35,42,63,77,103,137,190,232,300,397,513,697,889,1219,1711,2404,3289,4914,7654,37989,13216,7031,4870,3311,2123,1576,1124,885,674,553,375,301,209,212,128,112,95,49,55,43,29,24,16,10,8,4,2,3,4,2,0,2,0,2],