{"gradients/decode.2.weight":{"values":[1,2,0,2,2,9,14,23,23,42,61,96,125,190,238,337,533,786,1124,1620,2362,3636,5447,8128,12268,18746,28647,42056,61593,89277,83935,53808,35591,24071,16360,11156,7799,5278,3675,2648,1737,1308,955,659,468,356,252,165,113,80,55,41,27,18,23,11,6,7,4,3,1,0,0,2],"bins":[-0.0003640768409240991,-0.0003519357123877853,-0.00033979458385147154,-0.0003276534262113273,-0.00031551229767501354,-0.00030337116913869977,-0.000291230040602386,-0.0002790889120660722,-0.00026694778352975845,-0.0002548066258896142,-0.00024266549735330045,-0.00023052436881698668,-0.0002183832402806729,-0.0002062420971924439,-0.00019410096865613014,-0.00018195982556790113,-0.00016981869703158736,-0.0001576775684952736,-0.0001455364254070446,-0.00013339529687073082,-0.00012125416105845943,-0.00010911302524618804,-9.697189670987427e-05,-8.483076089760289e-05,-7.26896250853315e-05,-6.054848927306011e-05,-4.8407357098767534e-05,-3.6266224924474955e-05,-2.4125089112203568e-05,-1.1983955118921585e-05,1.5717887436039746e-07,1.229831286764238e-05,2.4439446860924363e-05,3.658058267319575e-05,4.872171484748833e-05,6.086284702178091e-05,7.30039828340523e-05,8.514511864632368e-05,9.728624718263745e-05,0.00010942738299490884,0.00012156851880718023,0.000133709647343494,0.000145850790431723,0.00015799191896803677,0.00017013304750435054,0.00018227419059257954,0.00019441531912889332,0.00020655646221712232,0.0002186975907534361,0.00023083871928974986,0.00024297986237797886,0.00025512100546620786,0.00026726213400252163,0.0002794032625388354,0.0002915443910751492,0.00030368551961146295,0.0003158266772516072,0.00032796780578792095,0.0003401089343242347,0.0003522500628605485,0.00036439119139686227,0.00037653231993317604,0.00038867347757332027,0.00040081460610963404,0.0004129557346459478],"_type":"histogram"},"gradients/encode.0.weight":{"bins":[-4.58321810583584e-05,-4.4390500988811255e-05,-4.2948824557242915e-05,-4.150714448769577e-05,-4.006546805612743e-05,-3.862378798658028e-05,-3.718211155501194e-05,-3.5740431485464796e-05,-3.429875505389646e-05,-3.285707498434931e-05,-3.1415394914802164e-05,-2.9973718483233824e-05,-2.8532038413686678e-05,-2.7090360163128935e-05,-2.5648681912571192e-05,-2.420700366201345e-05,-2.2765325411455706e-05,-2.1323647160897963e-05,-1.988196891034022e-05,-1.8440290659782477e-05,-1.6998612409224734e-05,-1.5556932339677587e-05,-1.4115254089119844e-05,-1.2673575838562101e-05,-1.1231897588004358e-05,-9.790219337446615e-06,-8.348541086888872e-06,-6.906861926836427e-06,-5.465183676278684e-06,-4.023505425720941e-06,-2.5818267204158474e-06,-1.140148242484429e-06,3.0153387342579663e-07,1.743212351357215e-06,3.1848908292886335e-06,4.6265695345937274e-06,6.0682477851514705e-06,7.5099260357092135e-06,8.951605195761658e-06,1.0393283446319401e-05,1.1834961696877144e-05,1.3276639947434887e-05,1.471831819799263e-05,1.6159996448550373e-05,1.760167651809752e-05,1.9043354768655263e-05,2.0485033019213006e-05,2.192671126977075e-05,2.3368389520328492e-05,2.4810067770886235e-05,2.6251746021443978e-05,2.769342427200172e-05,2.9135102522559464e-05,3.057678259210661e-05,3.201845902367495e-05,3.3460139093222097e-05,3.4901815524790436e-05,3.634349559433758e-05,3.778517566388473e-05,3.922685209545307e-05,4.0668532165000215e-05,4.2110208596568555e-05,4.35518886661157e-05,4.499356509768404e-05,4.643524516723119e-05],"_type":"histogram","values":[2,0,1,0,1,2,0,3,3,4,8,6,13,13,20,26,35,42,54,84,113,139,215,305,495,814,1488,2846,6492,18050,62416,238865,139629,35204,11155,4375,2068,1068,618,389,276,194,131,96,63,47,42,20,22,15,10,7,6,2,1,3,1,2,0,0,0,0,0,1]},"train_loss_identity_epoch":0.0005367196863517165,"_timestamp":1.730858228204647e+09,"baseline_ratio":0.7488277554512024,"_runtime":41.463364285,"_wandb":{"runtime":41},"gradients/decode.0.weight":{"_type":"histogram","values":[1,1,1,3,0,2,0,2,4,5,9,12,21,29,45,83,87,113,177,262,327,455,664,891,1226,1768,2606,3719,5418,7701,10934,14819,19637,23870,25837,21185,16532,12211,8840,6194,4291,2962,2058,1435,1021,739,490,370,270,196,147,91,60,59,39,20,23,10,12,3,6,2,4,1],"bins":[-0.00010996728087775409,-0.00010675069643184543,-0.00010353411926189438,-0.00010031753481598571,-9.710095037007704e-05,-9.388437320012599e-05,-9.066778875421733e-05,-8.745120430830866e-05,-8.42346198624e-05,-8.101804269244894e-05,-7.780145824654028e-05,-7.458487380063161e-05,-7.136829663068056e-05,-6.81517121847719e-05,-6.493512773886323e-05,-6.171855056891218e-05,-5.850196612300351e-05,-5.5285385315073654e-05,-5.206880086916499e-05,-4.885222006123513e-05,-4.5635635615326464e-05,-4.2419054807396606e-05,-3.920247399946675e-05,-3.598588955355808e-05,-3.276930874562822e-05,-2.955272611870896e-05,-2.63361434917897e-05,-2.311956268385984e-05,-1.9902980056940578e-05,-1.6686397430021316e-05,-1.3469815712596755e-05,-1.0253233995172195e-05,-7.036651368252933e-06,-3.820069196081022e-06,-6.034870239091106e-07,2.6130951482628006e-06,5.829677320434712e-06,9.046259947353974e-06,1.2262841664778534e-05,1.5479423382203095e-05,1.8696006009122357e-05,2.191258863604162e-05,2.512917126296088e-05,2.834575207089074e-05,3.15623328788206e-05,3.4778917324729264e-05,3.799549813265912e-05,4.121208257856779e-05,4.4428663386497647e-05,4.7645244194427505e-05,5.086182864033617e-05,5.407840944826603e-05,5.7294993894174695e-05,6.0511574702104554e-05,6.372815551003441e-05,6.694473995594308e-05,7.016131712589413e-05,7.33779015718028e-05,7.659448601771146e-05,7.981107046362013e-05,8.302764763357118e-05,8.624423207947984e-05,8.946081652538851e-05,9.267739369533956e-05,9.589397814124823e-05]},"baseline_identity_loss":0.4233878254890442,"gradients/encode.2.bias":{"_type":"histogram","values":[1,0,0,0,0,0,0,0,0,0,0,0,1,0,3,1,0,0,3,1,1,0,1,4,4,0,4,4,1,4,3,2,5,13,4,6,3,8,3,6,3,3,1,0,1,3,0,0,1,0,0,0,0,1,0,0,0,0,0,0,0,0,0,1],"bins":[-0.00011498587264213711,-0.00011140641436213627,-0.00010782694880617782,-0.00010424749052617699,-0.00010066803224617615,-9.70885666902177e-05,-9.350910841021687e-05,-8.992965013021603e-05,-8.635018457425758e-05,-8.277072629425675e-05,-7.919126801425591e-05,-7.561180245829746e-05,-7.203234417829663e-05,-6.845288589829579e-05,-6.487342034233734e-05,-6.12939620623365e-05,-5.771450014435686e-05,-5.413503822637722e-05,-5.055557994637638e-05,-4.697611802839674e-05,-4.33966561104171e-05,-3.981719783041626e-05,-3.623773591243662e-05,-3.265827399445698e-05,-2.9078813895466737e-05,-2.5499353796476498e-05,-2.1919891878496855e-05,-1.8340431779506616e-05,-1.4760970771021675e-05,-1.1181509762536734e-05,-7.602049208799144e-06,-4.022588655061554e-06,-4.431276465766132e-07,3.1363331345346523e-06,6.715793915645918e-06,1.0295254469383508e-05,1.3874715477868449e-05,1.745417648635339e-05,2.103363658534363e-05,2.4613098503323272e-05,2.819255860231351e-05,3.177201870130375e-05,3.535148061928339e-05,3.8930942537263036e-05,4.251040081726387e-05,4.6089862735243514e-05,4.966932465322316e-05,5.324878293322399e-05,5.6828244851203635e-05,6.040770676918328e-05,6.398716504918411e-05,6.756663060514256e-05,7.11460888851434e-05,7.472554716514423e-05,7.830501272110268e-05,8.188447100110352e-05,8.546392928110436e-05,8.90433948370628e-05,9.262285311706364e-05,9.620231139706448e-05,9.978177695302293e-05,0.00010336123523302376,0.0001069406935130246,0.00011052015906898305,0.00011409961734898388]},"test_loss_identity_epoch":0.10634328424930573,