{"_wandb":{"runtime":69},"gradients/embedding.encode.0.weight":{"_type":"histogram","values":[1,0,3,2,5,5,7,6,9,8,17,16,17,34,28,31,28,58,49,71,71,97,109,110,122,148,177,194,223,219,304,272,379,373,429,509,585,718,860,1114,2161,66292,3185,2004,1849,1416,908,1603,940,1611,1119,1384,1715,931,1130,842,757,610,752,377,444,430,31,101],"bins":[-0.0001974676561076194,-0.00019271908968221396,-0.0001879705087048933,-0.00018322194227948785,-0.00017847336130216718,-0.00017372479487676173,-0.0001689762284513563,-0.00016422764747403562,-0.00015947908104863018,-0.00015473051462322474,-0.00014998193364590406,-0.00014523336722049862,-0.00014048480079509318,-0.0001357362198177725,-0.00013098765339236706,-0.0001262390724150464,-0.00012149050598964095,-0.0001167419322882779,-0.00011199335858691484,-0.0001072447921615094,-0.00010249621846014634,-9.774764475878328e-05,-9.299907833337784e-05,-8.825050463201478e-05,-8.350193093065172e-05,-7.875335722928867e-05,-7.400478352792561e-05,-6.925621710252017e-05,-6.450764340115711e-05,-5.9759069699794054e-05,-5.5010499636409804e-05,-5.0261929573025554e-05,-4.551334859570488e-05,-4.0764774894341826e-05,-3.601620483095758e-05,-3.126763476757333e-05,-2.651906106621027e-05,-2.1770489183836617e-05,-1.7021917301462963e-05,-1.227334541908931e-05,-7.5247735367156565e-06,-2.776201654342003e-06,1.97237022803165e-06,6.7209421104053035e-06,1.1469513992778957e-05,1.621808587515261e-05,2.0966657757526264e-05,2.5715229639899917e-05,3.046380152227357e-05,3.521237522363663e-05,3.996094528702088e-05,4.470951535040513e-05,4.9458089051768184e-05,5.420666275313124e-05,5.895523281651549e-05,6.370380287989974e-05,6.84523765812628e-05,7.320095028262585e-05,7.79495167080313e-05,8.269809040939435e-05,8.744666411075741e-05,9.219523781212047e-05,9.694381151348352e-05,0.00010169237793888897,0.00010644095164025202]},"_runtime":69.303415157,"gradients/embedding.decode.0.bias":{"values":[1,0,0,0,0,0,0,0,0,1,1,0,0,0,0,0,1,0,0,0,0,0,2,1,0,0,1,2,0,0,0,2,1,0,0,0,0,1,0,1,0,1,2,0,2,2,0,0,0,2,1,0,4,0,0,0,1,6,12,47,90,92,1722,1],"bins":[-0.0008350544958375394,-0.0008217352442443371,-0.0008084159926511347,-0.0007950967410579324,-0.00078177748946473,-0.0007684582378715277,-0.0007551389862783253,-0.000741819734685123,-0.0007285004830919206,-0.0007151812314987183,-0.0007018619799055159,-0.0006885427283123136,-0.0006752234767191112,-0.0006619042251259089,-0.0006485849735327065,-0.0006352657219395041,-0.0006219464121386409,-0.0006086271605454385,-0.0005953079089522362,-0.0005819886573590338,-0.0005686694057658315,-0.0005553501541726291,-0.0005420309025794268,-0.0005287116509862244,-0.0005153923993930221,-0.0005020731477998197,-0.0004887538962066174,-0.000475434644613415,-0.00046211539302021265,-0.0004487961414270103,-0.00043547688983380795,-0.0004221576382406056,-0.00040883838664740324,-0.0003955191350542009,-0.00038219988346099854,-0.0003688806318677962,-0.00035556138027459383,-0.0003422421286813915,-0.0003289228770881891,-0.0003156035963911563,-0.00030228434479795396,-0.0002889650932047516,-0.00027564584161154926,-0.0002623265900183469,-0.00024900733842514455,-0.0002356880868319422,-0.00022236883523873985,-0.0002090495836455375,-0.00019573033205233514,-0.0001824110804591328,-0.00016909182886593044,-0.00015577256272081286,-0.0001424533111276105,-0.00012913405953440815,-0.0001158148079412058,-0.00010249555634800345,-8.91763047548011e-05,-7.585704588564113e-05,-6.253779429243878e-05,-4.921854269923642e-05,-3.589928746805526e-05,-2.2580034055863507e-05,-9.260780643671751e-06,4.058472768520005e-06,1.737772618071176e-05],"_type":"histogram"},"train_loss_identity_epoch":0.02514759451150894,"gradients/embedding.encode.3.weight":{"_type":"histogram","values":[2,0,2,6,5,7,5,10,9,9,12,17,16,22,19,37,40,47,53,62,71,101,101,130,144,173,155,202,224,262,370,782,33029,825,478,310,285,262,245,212,194,161,140,128,101,87,73,72,48,47,39,35,25,25,19,12,19,10,4,8,8,2,0,2],"bins":[-0.00039445015136152506,-0.0003823362640105188,-0.00037022234755568206,-0.0003581084602046758,-0.00034599454374983907,-0.0003338806563988328,-0.00032176676904782653,-0.0003096528525929898,-0.00029753896524198353,-0.00028542507789097726,-0.00027331116143614054,-0.00026119727408513427,-0.000249083386734128,-0.00023696947027929127,-0.000224855582928285,-0.0002127416810253635,-0.000200627779122442,-0.0001885138772195205,-0.000176399975316599,-0.00016428608796559274,-0.00015217218606267124,-0.00014005828415974975,-0.00012794439680874348,-0.00011583049490582198,-0.00010371659300290048,-9.160269109997898e-05,-7.94887964730151e-05,-6.737490184605122e-05,-5.526099994312972e-05,-4.314710167818703e-05,-3.103320341324434e-05,-1.8919305148301646e-05,-6.805377779528499e-06,5.308520485414192e-06,1.7422418750356883e-05,2.9536317015299574e-05,4.1650215280242264e-05,5.3764113545184955e-05,6.587801181012765e-05,7.799190643709153e-05,9.010580834001303e-05,0.00010221971024293453,0.00011433360486989841,0.0001264474994968623,0.0001385614013997838,0.0001506753033027053,0.00016278919065371156,0.00017490309255663306,0.00018701699445955455,0.00019913089636247605,0.00021124479826539755,0.00022335868561640382,0.00023547258751932532,0.0002475864894222468,0.0002597003767732531,0.0002718142932280898,0.0002839281805790961,0.00029604206793010235,0.0003081559843849391,0.00032026987173594534,0.00033238378819078207,0.00034449767554178834,0.0003566115628927946,0.00036872547934763134,0.0003808393666986376]},"gradients/embedding.decode.2.bias":{"_type":"histogram","values":[1,0,0,0,0,0,0,0,0,0,0,0,0,0,0,0,0,0,0,0,0,0,0,0,0,0,0,1,1,1,1,0,1,3,3,1,2,2,1,2,1,0,2,3,1,2,3,1,1,0,4,2,0,2,1,1,1,1,1,1,0,1,0,1],"bins":[-0.008558119647204876,-0.008359323255717754,-0.008160525932908058,-0.007961729541420937,-0.00776293221861124,-0.0075641353614628315,-0.007365338504314423,-0.007166541647166014,-0.006967744790017605,-0.006768948398530483,-0.006570151541382074,-0.0063713546842336655,-0.006172557827085257,-0.005973760969936848,-0.005774964112788439,-0.00557616725564003,-0.005377370398491621,-0.005178573541343212,-0.004979776684194803,-0.004780979827046394,-0.0045821829698979855,-0.004383386112749577,-0.004184589255601168,-0.003985792398452759,-0.0037869957741349936,-0.0035881989169865847,-0.0033894020598381758,-0.003190605202689767,-0.0029918085783720016,-0.0027930117212235928,-0.002594214864075184,-0.002395418006926775,-0.0021966216154396534,-0.0019978247582912445,-0.0017990279011428356,-0.0016002311604097486,-0.0014014343032613397,-0.0012026374461129308,-0.0010038407053798437,-0.0008050438482314348,-0.0006062469910830259,-0.0004074501630384475,-0.00020865333499386907,-9.856506949290633e-06,0.0001889403210952878,0.00038773714913986623,0.0005865339771844447,0.0007853307761251926,0.0009841276332736015,0.0011829244904220104,0.0013817213475704193,0.0015805180883035064,0.0017793149454519153,0.0019781116861850023,0.002176908543333411,0.00237570540048182,0.002574502257630229,0.002773299114778638,0.0029720959719270468,0.0031708928290754557,0.003369689453393221,0.00356848631054163,0.0037672831676900387,0.003966080024838448,0.0041648768819868565]},"_step":100,