{"train_loss_identity_epoch":0.04343492165207863,"gradients/embedding.decode.0.weight":{"bins":[-0.0009649907005950809,-0.000937118660658598,-0.0009092465625144541,-0.0008813745225779712,-0.0008535024826414883,-0.0008256303844973445,-0.0007977583445608616,-0.0007698863046243787,-0.0007420142064802349,-0.000714142166543752,-0.000686270126607269,-0.0006583980284631252,-0.0006305259885266423,-0.0006026539485901594,-0.0005747818504460156,-0.0005469098105095327,-0.0005190377123653889,-0.000491165672428906,-0.00046329363249242306,-0.0004354215634521097,-0.00040754949441179633,-0.0003796774544753134,-0.00035180538543500006,-0.0003239333163946867,-0.0002960612764582038,-0.00026818920741789043,-0.00024031713837757707,-0.00021244508388917893,-0.0001845730294007808,-0.00015670096036046743,-0.0001288289058720693,-0.00010095684410771355,-7.30847823433578e-05,-4.521272057900205e-05,-1.734066245262511e-05,1.0531397492741235e-05,3.840345743810758e-05,6.627551920246333e-05,9.414757369086146e-05,0.00012201963545521721,0.00014989169721957296,0.0001777637517079711,0.00020563582074828446,0.0002335078752366826,0.00026137992972508073,0.0002892519987653941,0.00031712406780570745,0.00034499610774219036,0.0003728681767825037,0.0004007402458228171,0.0004286122857593,0.00045648435479961336,0.0004843564238399267,0.0005122284637764096,0.0005401005619205534,0.0005679726018570364,0.0005958446417935193,0.0006237167399376631,0.000651588779874146,0.0006794608198106289,0.0007073329179547727,0.0007352049578912556,0.0007630769978277385,0.0007909490959718823,0.0008188211359083652],"_type":"histogram","values":[2,2,1,2,4,6,2,7,10,10,10,18,20,23,34,47,53,62,69,95,109,123,158,192,184,252,324,291,323,368,439,537,742,1737,5564,3962,777,503,431,358,300,319,242,235,199,154,123,113,96,82,64,51,38,27,29,15,16,14,8,12,6,2,2,2]},"_step":85,"gradients/embedding.decode.2.weight":{"values":[2,0,0,3,4,8,3,6,13,18,11,13,23,18,36,21,31,38,43,62,49,71,88,77,128,138,123,170,203,263,302,351,433,559,626,766,1001,1492,2457,3504,4750,24711,1406,1175,928,744,606,530,434,357,270,229,178,146,103,84,47,41,29,32,24,15,3,4],"bins":[-0.0034970638807862997,-0.003411951707676053,-0.00332683976739645,-0.0032417275942862034,-0.0031566156540066004,-0.0030715034808963537,-0.002986391307786107,-0.002901279367506504,-0.0028161671943962574,-0.0027310552541166544,-0.0026459430810064077,-0.002560830907896161,-0.002475718967616558,-0.0023906067945063114,-0.0023054948542267084,-0.0022203826811164618,-0.0021352707408368587,-0.002050158567726612,-0.0019650463946163654,-0.0018799343379214406,-0.0017948222812265158,-0.001709710224531591,-0.001624598167836666,-0.0015394861111417413,-0.0014543740544468164,-0.0013692618813365698,-0.001284149824641645,-0.0011990377679467201,-0.0011139257112517953,-0.0010288136545568705,-0.0009437015396542847,-0.000858589424751699,-0.0007734773680567741,-0.0006883653113618493,-0.0006032531964592636,-0.0005181411397643387,-0.00043302905396558344,-0.00034791696816682816,-0.0002628049114719033,-0.00017769282567314804,-9.258073987439275e-05,-7.468661351595074e-06,7.76434171712026e-05,0.00016275548841804266,0.00024786757421679795,0.00033297966001555324,0.00041809171671047807,0.0005032038316130638,0.0005883158883079886,0.0006734279450029135,0.0007585400599054992,0.000843652116600424,0.0009287642315030098,0.0010138762881979346,0.0010989883448928595,0.0011841004015877843,0.0012692124582827091,0.0013543246313929558,0.0014394366880878806,0.0015245487447828054,0.0016096608014777303,0.001694772858172655,0.0017798850312829018,0.0018649970879778266,0.0019501091446727514],"_type":"histogram"},"gradients/embedding.decode.2.bias":{"bins":[-0.014267750084400177,-0.013922668062150478,-0.01357758603990078,-0.013232504017651081,-0.012887421995401382,-0.012542339973151684,-0.012197257950901985,-0.011852175928652287,-0.011507093906402588,-0.01116201188415289,-0.01081692986190319,-0.010471847839653492,-0.010126765817403793,-0.009781683795154095,-0.009436601772904396,-0.009091519750654697,-0.008746437728404999,-0.0084013557061553,-0.008056273683905602,-0.007711191661655903,-0.007366109639406204,-0.007021027617156506,-0.006675945594906807,-0.006330863572657108,-0.00598578155040741,-0.005640699528157711,-0.005295617505908012,-0.004950535483658314,-0.004605453461408615,-0.0042603714391589165,-0.003915289416909218,-0.003570207394659519,-0.003225124441087246,-0.0028800424188375473,-0.0025349603965878487,-0.00218987837433815,-0.0018447963520884514,-0.0014997143298387527,-0.001154632307589054,-0.0008095502853393555,-0.00046446826308965683,-0.00011938624083995819,0.00022569578140974045,0.0005707778036594391,0.0009158598259091377,0.0012609418481588364,0.001606023870408535,0.0019511058926582336,0.0022961879149079323,0.002641269937157631,0.0029863519594073296,0.003331433981657028,0.003676516003906727,0.0040215980261564255,0.004366680048406124,0.004711762070655823,0.005056844092905521,0.00540192611515522,0.005747008137404919,0.006092090159654617,0.006437172181904316,0.006782254204154015,0.007127336226403713,0.007472418248653412,0.00781750027090311],"_type":"histogram","values":[1,0,0,0,0,0,1,0,0,0,1,0,0,0,0,0,1,1,0,0,0,0,0,2,0,2,0,1,1,1,0,2,1,1,0,0,3,4,6,2,0,4,2,0,1,0,0,0,0,0,3,0,1,0,2,0,2,0,1,0,1,0,0,2]},"_wandb":{"runtime":138},"test_loss_identity_epoch":0.06653784215450287,"gradients/embedding.encode.2.weight":{"_type":"histogram","values":[1,0,1,0,0,1,2,3,9,6,9,11,5,19,16,29,19,22,30,46,40,58,73,83,108,103,120,136,151,170,192,184,232,252,346,447,586,600,651,1265,6381,4773,647,534,333,264,216,203,170,110,99,62,68,31,22,23,12,9,5,8,3,0,0,1],"bins":[-0.0011842679232358932,-0.001155089121311903,-0.0011259104358032346,-0.0010967317502945662,-0.001067552948370576,-0.0010383741464465857,-0.0010091954609379172,-0.0009800167754292488,-0.0009508379735052586,-0.0009216592297889292,-0.0008924804860725999,-0.0008633017423562706,-0.0008341229986399412,-0.0008049442549236119,-0.0007757655112072825,-0.0007465867674909532,-0.0007174080237746239,-0.0006882292800582945,-0.0006590505363419652,-0.0006298717926256359,-0.0006006930489093065,-0.0005715143051929772,-0.0005423355614766479,-0.0005131568177603185,-0.0004839780740439892,-0.00045479933032765985,-0.0004256205866113305,-0.0003964418428950012,-0.00036726309917867184,-0.0003380843554623425,-0.00030890561174601316,-0.00027972686802968383,-0.0002505481243133545,-0.00022136938059702516,-0.00019219063688069582,-0.00016301189316436648,-0.00013383314944803715,-0.00010465440573170781,-7.547566201537848e-05,-4.629691829904914e-05,-1.7118174582719803e-05,1.2060569133609533e-05,4.123931284993887e-05,7.04180565662682e-05,9.959680028259754e-05,0.00012877554399892688,0.00015795428771525621,0.00018713303143158555,0.0002163117751479149,0.0002454905188642442,0.00027466926258057356,0.0003038480062969029,0.00033302675001323223,0.00036220549372956157,0.0003913842374458909,0.00042056298116222024,0.0004497417248785496,0.0004789204685948789,0.0005080992123112082,0.0005372779560275376,0.0005664566997438669,0.0005956354434601963,0.0006248141871765256,0.0006539929308928549,0.0006831716746091843]},"gradients/embedding.encode.0.bias":{"values":[1,0,0,0,0,1,2,3,7,2,3,7,2,13,7,6,6,4,8,14,11,19,15,10,13,11,18,14,13,12,15,12,15,10,7,11,15,475,17,9,13,9,16,13,14,11,13,13,11,14,17,9,8,7,8,3,5,2,1,1,3,0,0,1],