{"gradients/decode.2.weight":{"values":[4,0,5,5,6,12,13,25,32,41,44,64,84,101,144,175,221,262,319,376,428,510,604,698,759,910,956,1102,1202,1281,1324,1385,1483,1673,2039,2635,3265,4209,5481,9079,44968,4757,1976,1256,977,712,491,379,303,251,230,177,141,127,102,79,38,37,14,14,9,4,0,2],"bins":[-0.03261047601699829,-0.03180627152323723,-0.031002065166831017,-0.030197858810424805,-0.029393654316663742,-0.02858944796025753,-0.027785243466496468,-0.026981037110090256,-0.026176832616329193,-0.02537262625992298,-0.02456841990351677,-0.023764215409755707,-0.022960009053349495,-0.022155804559588432,-0.02135159820318222,-0.020547393709421158,-0.019743187353014946,-0.018938980996608734,-0.01813477650284767,-0.01733057014644146,-0.016526365652680397,-0.015722159296274185,-0.014917953871190548,-0.01411374844610691,-0.013309543021023273,-0.012505337595939636,-0.011701132170855999,-0.010896926745772362,-0.01009272038936615,-0.009288514964282513,-0.008484309539198875,-0.007680104114115238,-0.006875896826386452,-0.0060716914013028145,-0.005267485976219177,-0.004463280085474253,-0.0036590746603906155,-0.0028548692353069782,-0.0020506635773926973,-0.0012464580358937383,-0.0004422524943947792,0.00036195304710417986,0.001166158588603139,0.00197036424651742,0.002774569671601057,0.0035787750966846943,0.004382980987429619,0.005187186412513256,0.005991391837596893,0.0067955972626805305,0.007599802687764168,0.008404008112847805,0.009208213537931442,0.010012419894337654,0.010816625319421291,0.011620830744504929,0.012425036169588566,0.013229241594672203,0.01403344701975584,0.014837652444839478,0.01564185880124569,0.016446063295006752,0.017250269651412964,0.018054474145174026,0.01885868050158024],"_type":"histogram"},"_runtime":4.967350386,"test_bwd_loss_epoch":0.15355931222438812,"train_bwd_loss_epoch":0.13508640229701996,"gradients/encode.0.bias":{"_type":"histogram","values":[1,0,0,0,0,1,0,0,4,5,0,2,5,6,11,7,11,17,18,23,25,36,42,47,64,77,80,90,136,573,123,92,84,73,59,55,47,35,27,26,21,17,13,9,14,6,5,4,4,2,0,1,1,0,0,0,0,0,0,0,0,0,0,1],"bins":[-0.009047446772456169,-0.008738708682358265,-0.00842997059226036,-0.008121232502162457,-0.00781249487772584,-0.007503756787627935,-0.0071950191631913185,-0.006886281073093414,-0.00657754298299551,-0.006268804892897606,-0.005960066802799702,-0.005651329178363085,-0.005342591088265181,-0.005033852998167276,-0.0047251153737306595,-0.004416377283632755,-0.004107639193534851,-0.003798901103436947,-0.0034901632461696863,-0.0031814253889024258,-0.0028726872988045216,-0.0025639492087066174,-0.002255211351439357,-0.0019464733777567744,-0.001637735404074192,-0.0013289974303916097,-0.0010202594567090273,-0.0007115214830264449,-0.00040278350934386253,-9.404553566128016e-05,0.00021469243802130222,0.0005234304117038846,0.000832168385386467,0.0011409063590690494,0.0014496443327516317,0.0017583823064342141,0.0020671202801167965,0.0023758583702147007,0.0026845962274819613,0.002993334084749222,0.003302072174847126,0.00361081026494503,0.003919548355042934,0.004228285979479551,0.0045370240695774555,0.00484576215967536,0.005154499784111977,0.005463237874209881,0.005771975964307785,0.006080714054405689,0.0063894521445035934,0.00669818976894021,0.0070069278590381145,0.007315665949136019,0.007624403573572636,0.00793314166367054,0.008241879753768444,0.008550617843866348,0.008859355933964252,0.009168094024062157,0.009476831182837486,0.00978556927293539,0.010094307363033295,0.010403045453131199,0.010711783543229103]},"test_fwd_loss_epoch":0.15486840903759003,"_wandb":{"runtime":4},"gradients/decode.2.bias":{"bins":[-0.10179968178272247,-0.09930350631475449,-0.0968073382973671,-0.09431116282939911,-0.09181498736143112,-0.08931881934404373,-0.08682264387607574,-0.08432646840810776,-0.08183029294013977,-0.07933412492275238,-0.0768379494547844,-0.0743417739868164,-0.07184560596942902,-0.06934943050146103,-0.06685325503349304,-0.06435708701610565,-0.061860911548137665,-0.059364739805459976,-0.05686856433749199,-0.0543723925948143,-0.051876217126846313,-0.049380045384168625,-0.046883873641490936,-0.04438769817352295,-0.04189152643084526,-0.03939535468816757,-0.036899179220199585,-0.034403007477521896,-0.03190683573484421,-0.02941066026687622,-0.026914488524198532,-0.024418314918875694,-0.02192213386297226,-0.01942596025764942,-0.016929786652326584,-0.014433614909648895,-0.011937441304326057,-0.00944126769900322,-0.006945095025002956,-0.004448921885341406,-0.0019527487456798553,0.0005434243939816952,0.0030395975336432457,0.005535770673304796,0.008031943812966347,0.010528117418289185,0.013024290092289448,0.015520462766289711,0.01801663637161255,0.020512809976935387,0.023008983582258224,0.025505155324935913,0.02800132893025875,0.03049750253558159,0.03299367427825928,0.035489849746227264,0.03798602148890495,0.04048219323158264,0.04297836869955063,0.04547454044222832,0.047970712184906006,0.05046688765287399,0.05296305939555168,0.05545923486351967,0.05795540660619736],"_type":"histogram","values":[2,1,1,1,0,0,0,2,2,0,1,2,1,0,1,1,0,2,1,0,3,0,1,2,0,0,0,0,0,0,2,3,1,1,0,3,0,1,0,0,2,3,1,1,0,0,1,2,1,0,0,0,1,0,0,0,0,1,0,0,0,1,0,1]},"gradients/decode.0.weight":{"bins":[-0.001840028096921742,-0.0017829940188676119,-0.00172595982439816,-0.00166892574634403,-0.001611891551874578,-0.001554857473820448,-0.001497823279350996,-0.001440789201296866,-0.0013837551232427359,-0.001326720928773284,-0.0012696868507191539,-0.001212652656249702,-0.001155618578195572,-0.00109858438372612,-0.00104155030567199,-0.000984516111202538,-0.0009274820331484079,-0.0008704478968866169,-0.000813413760624826,-0.000756379624363035,-0.000699345488101244,-0.0006423114100471139,-0.0005852772737853229,-0.0005282431375235319,-0.0004712090012617409,-0.00041417486499994993,-0.00035714072873815894,-0.0003001066215801984,-0.00024307248531840742,-0.00018603834905661643,-0.00012900422734674066,-7.197009836090729e-05,-1.4935852959752083e-05,4.2098276026081294e-05,9.913240501191467e-05,0.00015616652672179043,0.00021320066298358142,0.0002702347992453724,0.00032726890640333295,0.00038430304266512394,0.00044133717892691493,0.0004983713151887059,0.0005554054514504969,0.0006124395877122879,0.000669473665766418,0.000726507802028209,0.00078354193829,0.000840576074551791,0.0008976102108135819,0.0009546443470753729,0.001011678483337164,0.001068712561391294,0.001125746755860746,0.001182780833914876,0.0012398150283843279,0.001296849106438458,0.001353883184492588,0.00141091737896204,0.00146795145701617,0.001524985651485622,0.001582019729539752,0.001639053924009204,0.001696088002063334,0.001753122196532786,0.001810156274586916],"_type":"histogram","values":[1,0,0,1,3,2,6,4,7,11,6,15,13,20,32,49,47,53,75,91,109,151,185,220,289,415,578,735,1028,1605,2690,5245,15748,3649,2089,1306,849,623,454,374,243,190,140,127,98,81,68,58,47,37,21,21,17,25,14,5,12,6,2,1,0,2,3,4]},"baseline_fwd_loss":0.055384136736392975,"baseline_bwd_loss":0.05458890274167061,"_step":0,"_timestamp":1.7307290253095055e+09,"train_fwd_loss_epoch":0.13505475223064423,"gradients/decode.0.bias":{"_type":"histogram","values":[3,1,1,2,1,1,3,4,4,2,10,4,10,14,9,7,14,8,12,21,16,19,28,29,44,29,43,50,68,98,108,623,143,87,69,51,53,34,37,29,38,26,19,20,19,11,12,14,8,3,11,7,6,5,3,2,1,1,3,0,1,0,0,1],