{"train_loss_identity_epoch":0.21565885841846466,"gradients/encode.2.bias":{"_type":"histogram","values":[1,0,0,1,0,1,3,0,0,2,2,2,0,0,2,0,3,4,1,0,5,3,4,2,0,6,3,3,1,5,4,6,2,1,5,3,2,1,0,4,0,1,3,3,0,0,0,2,3,0,1,0,1,1,0,0,0,1,0,0,0,1,0,1],"bins":[-0.0008475685026496649,-0.0008191944216378033,-0.0007908203406259418,-0.0007624462014064193,-0.0007340721203945577,-0.0007056980393826962,-0.0006773239001631737,-0.0006489498191513121,-0.0006205757381394506,-0.000592201657127589,-0.0005638275761157274,-0.000535453436896205,-0.0005070793558843434,-0.0004787052748724818,-0.0004503311647567898,-0.0004219570546410978,-0.0003935829736292362,-0.00036520889261737466,-0.00033683478250168264,-0.0003084606723859906,-0.00028008659137412906,-0.0002517125103622675,-0.00022333840024657547,-0.00019496430468279868,-0.0001665902091190219,-0.0001382161135552451,-0.00010984201799146831,-8.146792242769152e-05,-5.309382686391473e-05,-2.4719731300137937e-05,3.654364263638854e-06,3.2028459827415645e-05,6.0402555391192436e-05,8.877665095496923e-05,0.00011715074651874602,0.0001455248420825228,0.0001738989376462996,0.0002022730332100764,0.00023064712877385318,0.0002590212388895452,0.00028739531990140676,0.00031576940091326833,0.00034414351102896035,0.00037251762114465237,0.00040089170215651393,0.0004292657831683755,0.0004576398932840675,0.00048601400339975953,0.0005143880844116211,0.0005427621654234827,0.0005711362464353442,0.0005995103856548667,0.0006278844666667283,0.0006562585476785898,0.0006846326868981123,0.0007130067679099739,0.0007413808489218354,0.000769754929933697,0.0007981290109455585,0.000826503150165081,0.0008548772311769426,0.0008832513121888041,0.0009116254514083266,0.0009399995324201882,0.0009683736134320498]},"test_loss_identity_epoch":0.34849900007247925,"gradients/decode.2.weight":{"bins":[-0.001281529082916677,-0.0012184245279058814,-0.0011553200893104076,-0.001092215534299612,-0.0010291110957041383,-0.0009660065406933427,-0.000902902043890208,-0.0008397975470870733,-0.0007766930502839386,-0.000713588553480804,-0.0006504840566776693,-0.0005873795598745346,-0.000524275004863739,-0.0004611705371644348,-0.00039806601125746965,-0.000334961514454335,-0.0002718570176512003,-0.00020875252084806561,-0.0001456480094930157,-8.254350541392341e-05,-1.943900133483112e-05,4.3665502744261175e-05,0.00010677000682335347,0.00016987451817840338,0.00023297901498153806,0.00029608351178467274,0.0003591880085878074,0.00042229253449477255,0.00048539703129790723,0.0005485015572048724,0.000611606054008007,0.0006747105508111417,0.0007378151640295982,0.0008009196608327329,0.0008640241576358676,0.0009271286544390023,0.000990233151242137,0.0010533377062529325,0.0011164421448484063,0.001179546699859202,0.0012426511384546757,0.0013057556934654713,0.0013688602484762669,0.0014319646870717406,0.0014950692420825362,0.00155817368067801,0.0016212782356888056,0.0016843826742842793,0.001747487229295075,0.0018105917843058705,0.0018736962229013443,0.00193680077791214,0.0019999053329229355,0.0020630096551030874,0.002126114210113883,0.0021892187651246786,0.002252323320135474,0.00231542787514627,0.0023785321973264217,0.0024416367523372173,0.002504741307348013,0.0025678458623588085,0.0026309501845389605,0.002694054739549756,0.0027571592945605516],"_type":"histogram","values":[1,0,0,2,2,6,11,39,39,100,205,399,708,1216,1895,3364,6446,13069,30616,96188,307346,39111,12118,5926,3432,1998,1308,797,463,322,227,148,101,56,53,35,22,22,16,18,13,16,19,15,12,12,11,14,10,9,8,7,7,3,4,1,4,3,3,0,1,0,1,2]},"baseline_ratio":0.1999792903661728,"_wandb":{"runtime":42},"_step":164,"gradients/decode.2.bias":{"_type":"histogram","values":[1,0,0,1,1,3,1,0,3,1,3,2,8,4,11,8,14,16,11,19,18,17,16,25,21,23,5,6,0,2,1,2,0,3,4,0,2,1,0,0,0,0,0,3,2,1,2,0,0,0,2,0,0,0,0,0,0,0,0,0,0,0,0,1],"bins":[-0.0019873131532222033,-0.001903272932395339,-0.001819232595153153,-0.0017351922579109669,-0.0016511520370841026,-0.0015671118162572384,-0.0014830714790150523,-0.0013990311417728662,-0.001314990920946002,-0.0012309507001191378,-0.0011469103628769517,-0.0010628700256347656,-0.0009788298048079014,-0.0008947895257733762,-0.0008107492467388511,-0.0007267089677043259,-0.0006426686886698008,-0.0005586284096352756,-0.00047458813060075045,-0.0003905478515662253,-0.00030650757253170013,-0.00022246729349717498,-0.00013842701446264982,-5.4386735428124666e-05,2.965354360640049e-05,0.00011369382264092565,0.0001977341016754508,0.00028177438070997596,0.0003658146597445011,0.00044985493877902627,0.0005338952178135514,0.0006179354968480766,0.0007019755430519581,0.0007860158220864832,0.0008700561011210084,0.0009540963801555336,0.0010381366591900587,0.001122176880016923,0.001206217217259109,0.001290257554501295,0.0013742977753281593,0.0014583379961550236,0.0015423783333972096,0.0016264186706393957,0.00171045889146626,0.0017944991122931242,0.0018785394495353103,0.0019625797867774963,0.0020466200076043606,0.002130660228431225,0.002214700449258089,0.002298740902915597,0.002382781123742461,0.0024668213445693254,0.0025508617982268333,0.0026349020190536976,0.002718942239880562,0.002802982460707426,0.0028870226815342903,0.002971063135191798,0.0030551033560186625,0.0031391435768455267,0.0032231840305030346,0.003307224251329899,0.003391264472156763]},"gradients/encode.0.weight":{"values":[6,14,32,84,177,432,910,2236,5103,13252,37548,136070,253431,46574,15180,6705,3346,1816,1147,813,588,444,352,279,221,191,136,114,111,96,73,63,55,46,38,48,45,26,20,20,23,17,16,9,13,11,6,5,6,7,4,5,7,2,3,6,3,2,3,3,0,2,3,2],"bins":[-0.0002460260584484786,-0.00022591245942749083,-0.00020579884585458785,-0.00018568523228168488,-0.00016557163326069713,-0.00014545803423970938,-0.0001253444206668064,-0.00010523081436986104,-8.511720807291567e-05,-6.500360177597031e-05,-4.488999547902495e-05,-2.4776389182079583e-05,-4.66278288513422e-06,1.5450823411811143e-05,3.5564429708756506e-05,5.567803600570187e-05,7.579164230264723e-05,9.59052485995926e-05,0.00011601885489653796,0.00013613246846944094,0.00015624606749042869,0.00017635966651141644,0.0001964732800843194,0.0002165868936572224,0.00023670049267821014,0.0002568140916991979,0.0002769277198240161,0.00029704131884500384,0.0003171549178659916,0.00033726851688697934,0.0003573821159079671,0.0003774957440327853,0.0003976093139499426,0.00041772291297093034,0.0004378365119919181,0.0004579501401167363,0.00047806373913772404,0.0004981773672625422,0.00051829096628353,0.0005384045653045177,0.0005585181643255055,0.0005786317633464932,0.000598745362367481,0.0006188589613884687,0.0006389726186171174,0.0006590862176381052,0.0006791998166590929,0.0006993134156800807,0.0007194270147010684,0.0007395406137220562,0.0007596542127430439,0.0007797678117640316,0.0007998814107850194,0.0008199950680136681,0.0008401086670346558,0.0008602222660556436,0.0008803358650766313,0.0009004494640976191,0.0009205630631186068,0.0009406766621395946,0.0009607903193682432,0.00098090386018157,0.0010010175174102187,0.0010211310582235456,0.0010412447154521942],"_type":"histogram"},"baseline_identity_loss":0.4356124699115753,"gradients/encode.2.weight":{"values":[3,4,1,5,5,8,10,14,14,30,33,46,65,77,85,112,127,177,208,271,316,432,578,726,1008,1462,2034,3044,4662,7228,12133,22521,49490,45245,18839,9391,5485,3685,2602,1942,1431,1034,845,657,473,353,286,214,164,121,84,62,39,40,20,16,11,11,2,6,5,2,4,2],