{"gradients/decode.0.weight":{"_type":"histogram","values":[1,0,0,0,0,0,1,0,2,4,5,7,6,7,17,28,29,37,45,67,107,106,125,198,238,361,465,616,876,1362,2314,23580,3711,1729,1046,774,506,409,277,227,169,113,86,88,68,39,36,31,22,10,17,7,7,9,5,5,0,0,2,0,1,1,0,1],"bins":[-0.008636788465082645,-0.008364906534552574,-0.008093023672699928,-0.007821141742169857,-0.007549259811639786,-0.0072773778811097145,-0.007005495484918356,-0.006733613088726997,-0.006461731158196926,-0.006189849227666855,-0.005917966831475496,-0.005646084435284138,-0.0053742025047540665,-0.005102320574223995,-0.004830438178032637,-0.004558555781841278,-0.004286673851311207,-0.0040147919207811356,-0.003742909524589777,-0.003471027361229062,-0.003199145197868347,-0.0029272630345076323,-0.0026553808711469173,-0.0023834987077862024,-0.0021116165444254875,-0.0018397343810647726,-0.0015678522177040577,-0.0012959700543433428,-0.0010240878909826279,-0.000752205727621913,-0.00048032356426119804,-0.00020844140090048313,6.343983113765717e-05,0.0003353219944983721,0.000607204157859087,0.0008790863212198019,0.0011509684845805168,0.0014228506479412317,0.0016947328113019466,0.0019666149746626616,0.0022384971380233765,0.0025103793013840914,0.0027822614647448063,0.003054143628105521,0.003326025791466236,0.003597907954826951,0.003869790118187666,0.0041416725143790245,0.004413554444909096,0.004685436375439167,0.004957318771630526,0.005229201167821884,0.005501083098351955,0.005772965028882027,0.006044847425073385,0.006316729821264744,0.006588611751794815,0.006860493682324886,0.007132376078516245,0.0074042584747076035,0.007676140405237675,0.007948022335767746,0.008219905197620392,0.008491787128150463,0.008763669058680534]},"gradients/encode.0.weight":{"_type":"histogram","values":[85,16,98,14,15,136,206,220,235,692,276,506,662,422,655,472,689,958,1197,927,1334,1254,1623,1099,1638,2054,1843,1786,3520,45533,6335,1561,2049,1634,1712,1360,1904,1480,1525,1546,1312,1417,817,831,752,509,641,350,250,265,302,152,199,242,266,108,16,98,52,0,50,0,0,100],"bins":[-0.004100697115063667,-0.003962117712944746,-0.0038235378451645374,-0.003684958443045616,-0.003546378808096051,-0.0034077991731464863,-0.003269219771027565,-0.003130640136078,-0.002992060501128435,-0.00285348086617887,-0.0027149012312293053,-0.002576321829110384,-0.002437742194160819,-0.002299162559211254,-0.002160583157092333,-0.002022003522142768,-0.001883423887193203,-0.001744844252243638,-0.001606264733709395,-0.0014676852151751518,-0.0013291055802255869,-0.001190525945276022,-0.0010519464267417789,-0.0009133668499998748,-0.0007747872732579708,-0.0006362076965160668,-0.0004976281197741628,-0.00035904854303225875,-0.00022046896629035473,-8.188938954845071e-05,5.669018719345331e-05,0.00019526976393535733,0.00033384934067726135,0.00047242891741916537,0.0006110084941610694,0.0007495880709029734,0.0008881676476448774,0.0010267472825944424,0.0011653268011286855,0.0013039063196629286,0.0014424859546124935,0.0015810655895620584,0.0017196451080963016,0.0018582246266305447,0.0019968042615801096,0.0021353838965296745,0.002273963298648596,0.0024125429335981607,0.0025511225685477257,0.0026897022034972906,0.0028282818384468555,0.002966861240565777,0.0031054408755153418,0.0032440205104649067,0.003382599912583828,0.003521179547533393,0.003659759182482958,0.0037983388174325228,0.003936918452382088,0.004075497854501009,0.00421407725661993,0.004352657124400139,0.00449123652651906,0.004629816394299269,0.00476839579641819]},"_timestamp":1.7307400737824614e+09,"baseline_identity_loss":0.12499536573886871,"_wandb":{"runtime":2},"gradients/decode.0.bias":{"bins":[-0.008674527518451214,-0.008426396176218987,-0.00817826483398676,-0.007930133491754532,-0.0076820021495223045,-0.0074338712729513645,-0.007185739930719137,-0.00693760858848691,-0.0066894772462546825,-0.006441345904022455,-0.006193214561790228,-0.0059450832195580006,-0.0056969523429870605,-0.005448821000754833,-0.005200689658522606,-0.004952558316290379,-0.004704426974058151,-0.004456295631825924,-0.004208164289593697,-0.003960032947361469,-0.0037119018379598856,-0.0034637704957276583,-0.0032156393863260746,-0.0029675080440938473,-0.00271937670186162,-0.0024712453596293926,-0.0022231140173971653,-0.0019749829079955816,-0.0017268515657633543,-0.001478720223531127,-0.0012305889977142215,-0.000982457771897316,-0.0007343259640038013,-0.00048619467997923493,-0.00023806339595466852,1.006788806989789e-05,0.0002581991720944643,0.0005063304561190307,0.0007544617401435971,0.0010025929659605026,0.00125072430819273,0.0014988556504249573,0.0017469868762418628,0.0019951181020587683,0.0022432494442909956,0.002491380786523223,0.0027395118959248066,0.002987643238157034,0.0032357745803892612,0.0034839059226214886,0.003732037264853716,0.003980168607085943,0.004228299483656883,0.0044764308258891106,0.004724562168121338,0.004972693510353565,0.0052208248525857925,0.00546895619481802,0.005717087537050247,0.0059652188792824745,0.006213350221514702,0.006461481098085642,0.006709612440317869,0.0069577437825500965,0.007205875124782324],"_type":"histogram","values":[1,0,1,1,0,0,4,2,5,3,4,3,7,6,7,11,10,13,12,11,12,25,15,23,16,21,29,25,35,48,54,61,69,100,503,312,94,66,61,43,30,23,32,20,21,28,13,17,16,15,6,11,12,9,8,8,4,4,3,1,1,2,1,2]},"test_loss_identity_epoch":1.701632022857666,"gradients/encode.3.weight":{"values":[3,1,0,2,1,3,4,2,2,5,9,5,8,3,8,6,12,23,20,21,25,31,25,31,36,51,47,62,72,77,121,182,331,546,1021,2201,25748,3491,1235,893,719,606,514,392,309,270,202,154,116,79,72,55,37,27,21,20,16,7,5,7,1,3,1,3],"bins":[-0.11985468119382858,-0.11659470200538635,-0.11333471536636353,-0.1100747361779213,-0.10681475698947906,-0.10355477780103683,-0.1002947986125946,-0.09703481197357178,-0.09377483278512955,-0.09051485359668732,-0.08725486695766449,-0.08399488776922226,-0.08073490858078003,-0.0774749293923378,-0.07421495020389557,-0.07095496356487274,-0.06769498437643051,-0.06443500518798828,-0.06117502227425575,-0.057915039360523224,-0.054655060172080994,-0.05139508098363876,-0.048135098069906235,-0.044875115156173706,-0.041615135967731476,-0.038355156779289246,-0.03509517386555672,-0.03183519095182419,-0.028575211763381958,-0.02531523071229458,-0.0220552496612072,-0.01879526861011982,-0.01553528755903244,-0.01227530650794506,-0.009015325456857681,-0.005755344405770302,-0.0024953633546829224,0.0007646176964044571,0.0040245987474918365,0.007284579798579216,0.010544560849666595,0.013804541900753975,0.017064522951841354,0.020324504002928734,0.023584485054016113,0.026844466105103493,0.030104447156190872,0.0333644300699234,0.03662440925836563,0.03988438844680786,0.04314437136054039,0.04640435427427292,0.04966433346271515,0.05292431265115738,0.05618429556488991,0.059444278478622437,0.06270425766706467,0.0659642368555069,0.06922422349452972,0.07248420268297195,0.07574418187141418,0.07900416105985641,0.08226414024829865,0.08552412688732147,0.0887841060757637],"_type":"histogram"},"_runtime":2.511020231,