{"_step":100,"gradients/embedding.encode.0.bias":{"_type":"histogram","values":[1,1,0,0,1,1,0,0,0,0,1,1,0,3,2,1,0,3,1,3,3,3,3,8,64,2668,179,11,6,2,4,2,4,3,3,2,2,2,1,1,2,0,3,1,1,1,1,0,0,0,0,0,0,0,0,0,0,0,0,0,0,0,0,1],"bins":[-0.004614036995917559,-0.004433956928551197,-0.0042538768611848354,-0.004073796793818474,-0.003893716726452112,-0.0037136366590857506,-0.003533556591719389,-0.0033534765243530273,-0.0031733964569866657,-0.0029933161567896605,-0.002813236089423299,-0.0026331560220569372,-0.0024530759546905756,-0.002272995887324214,-0.0020929158199578524,-0.0019128357525914907,-0.0017327556852251291,-0.0015526756178587675,-0.0013725955504924059,-0.0011925154831260443,-0.0010124354157596827,-0.0008323552901856601,-0.0006522751646116376,-0.000472195097245276,-0.00029211502987891436,-0.00011203494796063751,6.804513395763934e-05,0.0002481252304278314,0.00042820529779419303,0.0006082853651605546,0.0007883654907345772,0.0009684455581009388,0.0011485256254673004,0.001328605692833662,0.0015086857602000237,0.0016887658275663853,0.0018688458949327469,0.0020489259622991085,0.00222900602966547,0.0024090860970318317,0.0025891661643981934,0.0027692464645951986,0.0029493265319615602,0.003129406599327922,0.0033094866666942835,0.003489566734060645,0.0036696468014270067,0.0038497268687933683,0.004029806703329086,0.004209887236356735,0.004389967303723097,0.0045700473710894585,0.00475012743845582,0.004930207505822182,0.005110287573188543,0.005290367640554905,0.0054704477079212666,0.005650527775287628,0.00583060784265399,0.006010687910020351,0.006190767977386713,0.006370848044753075,0.006550928112119436,0.006731008179485798,0.0069110882468521595]},"gradients/embedding.decode.0.weight":{"values":[1,0,0,0,1,1,1,0,1,1,1,1,0,5,6,9,10,14,20,23,29,46,83,102,135,205,342,557,833,1285,2074,3772,7071,14396,36706,184545,23672,10571,5489,3086,1785,1067,643,414,275,220,142,105,71,51,42,19,23,10,8,9,8,2,6,0,2,1,2,1],"bins":[-0.0008906055591069162,-0.000865377311129123,-0.0008401490631513298,-0.0008149208151735365,-0.0007896925671957433,-0.0007644643192179501,-0.0007392360712401569,-0.0007140078232623637,-0.0006887795752845705,-0.0006635513273067772,-0.000638323079328984,-0.0006130948313511908,-0.0005878665833733976,-0.0005626383353956044,-0.0005374100874178112,-0.0005121818394400179,-0.0004869536205660552,-0.00046172537258826196,-0.00043649712461046875,-0.00041126887663267553,-0.0003860406286548823,-0.0003608123806770891,-0.0003355841326992959,-0.00031035588472150266,-0.0002851276658475399,-0.0002598994178697467,-0.00023467115534003824,-0.00020944290736224502,-0.00018421467393636703,-0.00015898642595857382,-0.0001337581779807806,-0.00010852993000298738,-8.330168202519417e-05,-5.807343404740095e-05,-3.284518970758654e-05,-7.616943548782729e-06,1.7611302610021085e-05,4.28395505878143e-05,6.80677912896499e-05,9.329603926744312e-05,0.00011852428724523634,0.00014375253522302955,0.00016898078320082277,0.000194209031178616,0.00021943726460449398,0.0002446655125822872,0.0002698937605600804,0.0002951220085378736,0.00032035025651566684,0.00034557850449346006,0.0003708067524712533,0.0003960350004490465,0.0004212632484268397,0.0004464914964046329,0.00047171974438242614,0.0004969479632563889,0.0005221762112341821,0.0005474044592119753,0.0005726327071897686,0.0005978609551675618,0.000623089203145355,0.0006483174511231482,0.0006735456991009414,0.0006987739470787346,0.0007240021950565279],"_type":"histogram"},"test_bwd_loss_epoch":0.07031270116567612,"train_fwd_loss_epoch":0.020179320126771927,"baseline_fwd_loss":0.08021733909845352,"gradients/embedding.encode.0.weight":{"values":[8,19,35,46,47,53,40,26,43,161,105,25,22,27,46,49,86,107,154,180,248,348,503,690,1043,1605,4975,733538,40887,2062,1307,904,691,487,379,274,203,126,102,81,52,53,36,39,16,15,10,9,6,5,2,2,7,0,2,2,1,2,2,0,2,0,4,1],"bins":[-0.005314539652317762,-0.005122691858559847,-0.004930844064801931,-0.004738996271044016,-0.004547148942947388,-0.004355301149189472,-0.004163453355431557,-0.003971605561673641,-0.0037797577679157257,-0.003587910206988454,-0.0033960624132305384,-0.003204214619472623,-0.003012367058545351,-0.0028205192647874355,-0.00262867147102952,-0.002436823910102248,-0.0022449761163443327,-0.002053128322586417,-0.0018612806452438235,-0.0016694329679012299,-0.0014775851741433144,-0.0012857374968007207,-0.001093889819458127,-0.0009020420839078724,-0.0007101943483576179,-0.0005183466128073633,-0.00032649890636093915,-0.0001346511853625998,5.7196535635739565e-05,0.00024904427118599415,0.0004408919776324183,0.0006327396840788424,0.000824587419629097,0.0010164350969716907,0.0012082828907296062,0.0014001305680721998,0.0015919783618301153,0.001783826039172709,0.0019756737165153027,0.002167521510273218,0.0023593693040311337,0.0025512168649584055,0.002743064658716321,0.0029349124524742365,0.0031267600134015083,0.003318607807159424,0.0035104556009173393,0.003702303161844611,0.0038941509556025267,0.0040859985165297985,0.004277846310287714,0.0044696941040456295,0.004661541897803545,0.0048533896915614605,0.005045237485319376,0.005237084813416004,0.00542893260717392,0.005620780400931835,0.005812628194689751,0.006004475988447666,0.006196323782205582,0.00638817111030221,0.006580018904060125,0.006771866697818041,0.006963714491575956],"_type":"histogram"},"gradients/embedding.decode.2.weight":{"_type":"histogram","values":[1,0,0,1,1,0,0,3,2,5,2,9,4,21,29,43,82,118,219,384,634,1031,1676,2911,4682,8031,15585,39510,534031,117748,33912,14313,7043,3924,2269,1308,834,521,348,204,164,115,80,67,34,36,15,14,11,8,3,6,2,2,1,0,1,0,0,0,1,0,0,1],"bins":[-0.001653673592954874,-0.0015963326441124082,-0.0015389916952699423,-0.0014816508628427982,-0.0014243099140003324,-0.0013669689651578665,-0.0013096280163154006,-0.0012522870674729347,-0.0011949462350457907,-0.0011376052862033248,-0.001080264337360859,-0.001022923388518393,-0.0009655824396759272,-0.0009082415490411222,-0.0008509006001986563,-0.0007935597095638514,-0.0007362187607213855,-0.0006788778118789196,-0.0006215369212441146,-0.0005641959724016488,-0.0005068550817668438,-0.0004495141329243779,-0.00039217318408191204,-0.0003348322643432766,-0.0002774913446046412,-0.00022015042486600578,-0.00016280949057545513,-0.0001054685635608621,-4.812763654626906e-05,9.213290468323976e-06,6.655421748291701e-05,0.00012389515177346766,0.00018123607151210308,0.0002385769912507385,0.0002959179109893739,0.0003532588598318398,0.0004105997795704752,0.00046794069930911064,0.0005252816481515765,0.0005826225387863815,0.0006399634876288474,0.0006973044364713132,0.0007546453271061182,0.0008119862759485841,0.00086932722479105,0.0009266681154258549,0.0009840090060606599,0.0010413499549031258,0.0010986909037455916,0.0011560318525880575,0.0012133728014305234,0.0012707136338576674,0.0013280545827001333,0.0013853955315425992,0.001442736480385065,0.001500077429227531,0.0015574183780699968,0.0016147592104971409,0.0016721001593396068,0.0017294411081820726,0.0017867820570245385,0.0018441230058670044,0.0019014638382941484,0.001958804903551936,0.00201614573597908]},"_timestamp":1.7306780761060092e+09,