{"train_bwd_loss_epoch":0.040587715804576874,"train_fwd_loss_epoch":0.037795234471559525,"test_bwd_loss_epoch":0.04813317209482193,"gradients/embedding.encode.0.weight":{"bins":[-0.009008381515741348,-0.008664377965033054,-0.008320375345647335,-0.007976371794939041,-0.0076323687098920345,-0.007288365624845028,-0.006944362074136734,-0.006600358989089727,-0.006256355904042721,-0.005912352818995714,-0.005568349733948708,-0.005224346183240414,-0.004880343098193407,-0.0045363400131464005,-0.0041923364624381065,-0.0038483333773911,-0.0035043302923440933,-0.0031603272072970867,-0.0028163238894194365,-0.002472320571541786,-0.0021283174864947796,-0.0017843142850324512,-0.0014403110835701227,-0.0010963078821077943,-0.0007523046806454659,-0.0004083014791831374,-6.429827772080898e-05,0.00027970492374151945,0.0006237081252038479,0.0009677113266661763,0.0013117145281285048,0.0016557177295908332,0.0019997209310531616,0.0023437240161001682,0.0026877273339778185,0.0030317306518554688,0.0033757337369024754,0.003719736821949482,0.004063740372657776,0.0044077434577047825,0.004751746542751789,0.005095749627798796,0.005439752712845802,0.005783756263554096,0.006127759348601103,0.0064717624336481094,0.006815765984356403,0.00715976906940341,0.0075037721544504166,0.00784777570515871,0.00819177832454443,0.008535781875252724,0.008879784494638443,0.009223788045346737,0.00956779159605503,0.00991179421544075,0.010255797766149044,0.010599801316857338,0.010943803936243057,0.011287807486951351,0.011631811037659645,0.011975813657045364,0.012319817207753658,0.012663819827139378,0.013007823377847672],"_type":"histogram","values":[5,3,15,23,36,44,92,129,142,148,337,431,382,557,665,1027,1230,1596,1622,1729,2082,2560,2444,4571,7001,14346,26096,8097,4727,2987,2121,1944,1989,2042,1597,816,868,882,527,418,409,469,234,115,141,116,36,68,7,29,10,8,7,7,3,4,1,2,3,0,1,0,1,1]},"gradients/embedding.decode.2.weight":{"bins":[-0.00749172642827034,-0.007156744599342346,-0.006821762770414352,-0.006486780941486359,-0.006151799112558365,-0.005816817749291658,-0.005481835920363665,-0.005146854091435671,-0.004811872262507677,-0.004476890433579683,-0.0041419086046516895,-0.0038069270085543394,-0.0034719451796263456,-0.003136963350698352,-0.0028019817546010017,-0.002466999925673008,-0.002132018096745014,-0.0017970362678170204,-0.0014620545553043485,-0.0011270728427916765,-0.0007920910138636827,-0.0004571092431433499,-0.00012212747242301702,0.00021285429829731584,0.0005478360690176487,0.0008828178397379816,0.0012177996104583144,0.0015527813229709864,0.0018877631518989801,0.002222744980826974,0.002557726576924324,0.002892708405852318,0.003227689303457737,0.0035626711323857307,0.0038976529613137245,0.004232634790241718,0.004567616619169712,0.0049025979824364185,0.005237579811364412,0.005572561640292406,0.0059075434692204,0.006242525298148394,0.006577507127076387,0.006912488956004381,0.007247470319271088,0.007582452148199081,0.007917433977127075,0.008252415806055069,0.008587397634983063,0.008922379463911057,0.00925736129283905,0.009592343121767044,0.009927324950695038,0.010262306779623032,0.010597288608551025,0.01093227043747902,0.011267252266407013,0.011602233164012432,0.011937214992940426,0.01227219682186842,0.012607178650796413,0.012942160479724407,0.013277142308652401,0.013612124137580395,0.013947105966508389],"_type":"histogram","values":[1,2,7,8,17,26,49,70,106,147,233,315,406,539,654,792,951,1261,1799,2516,3882,7150,39017,15856,8975,4633,2721,1871,1415,954,693,534,394,307,218,189,170,141,124,94,76,79,64,57,79,63,55,56,43,42,38,26,33,15,9,11,5,8,3,0,0,0,0,1]},"gradients/embedding.decode.0.weight":{"bins":[-0.0014819327043369412,-0.0014316141605377197,-0.00138129573315382,-0.0013309773057699203,-0.0012806587619706988,-0.0012303402181714773,-0.0011800217907875776,-0.001129703363403678,-0.0010793848196044564,-0.001029066275805235,-0.0009787478484213352,-0.0009284293628297746,-0.000878110877238214,-0.0008277923916466534,-0.0007774739060550928,-0.0007271554204635322,-0.0006768369348719716,-0.000626518449280411,-0.0005761999636888504,-0.0005258814780972898,-0.0004755629925057292,-0.0004252445069141686,-0.000374926021322608,-0.0003246075357310474,-0.0002742890501394868,-0.0002239705645479262,-0.00017365207895636559,-0.00012333359336480498,-7.301510777324438e-05,-2.269662218168378e-05,2.7621863409876823e-05,7.794034900143743e-05,0.00012825895100831985,0.00017857743659988046,0.00022889592219144106,0.00027921440778300166,0.00032953289337456226,0.00037985137896612287,0.00043016986455768347,0.00048048835014924407,0.0005308068357408047,0.0005811253213323653,0.0006314438069239259,0.0006817622925154865,0.0007320807781070471,0.0007823992636986077,0.0008327177492901683,0.0008830362348817289,0.0009333547204732895,0.0009836731478571892,0.0010339916916564107,0.0010843102354556322,0.001134628662839532,0.0011849470902234316,0.001235265634022653,0.0012855841778218746,0.0013359026052057743,0.001386221032589674,0.0014365395763888955,0.001486858120188117,0.0015371765475720167,0.0015874949749559164,0.001637813518755138,0.0016881320625543594,0.0017384504899382591],"_type":"histogram","values":[1,3,6,8,10,25,39,38,60,83,90,128,146,173,203,220,293,336,402,421,474,592,737,815,895,983,1208,1684,2825,14550,3302,1750,1111,794,690,624,550,483,458,421,342,281,255,238,200,199,177,121,126,84,70,65,45,53,32,19,21,11,15,7,2,2,2,2]},"gradients/operator.fwdkoop":{"_type":"histogram","values":[1,0,0,1,0,0,2,1,0,1,2,2,0,2,3,5,4,6,7,8,8,9,8,11,18,16,29,37,38,46,26,13,9,15,6,10,11,11,4,8,2,6,4,2,1,2,0,1,0,0,2,0,0,0,1,0,0,0,0,0,0,0,0,1],"bins":[-0.01865225099027157,-0.017997462302446365,-0.01734267547726631,-0.01668788678944111,-0.016033098101615906,-0.015378311276435852,-0.014723522588610649,-0.01406873483210802,-0.013413947075605392,-0.012759159319102764,-0.012104371562600136,-0.011449582874774933,-0.010794795118272305,-0.010140007361769676,-0.009485218673944473,-0.008830430917441845,-0.008175643160939217,-0.007520855404436588,-0.006866067182272673,-0.006211278960108757,-0.005556491203606129,-0.0049017034471035,-0.004246915224939585,-0.0035921272356063128,-0.0029373392462730408,-0.002282551256939769,-0.0016277632676064968,-0.0009729752782732248,-0.00031818728893995285,0.00033660070039331913,0.0009913886897265911,0.001646176679059863,0.002300962805747986,0.002955750795081258,0.00361053878441453,0.0042653270065784454,0.004920114763081074,0.005574902519583702,0.006229690741747618,0.006884478963911533,0.007539266720414162,0.00819405447691679,0.008848842233419418,0.009503630921244621,0.01015841867774725,0.010813206434249878,0.011467995122075081,0.01212278287857771,0.012777570635080338,0.013432358391582966,0.014087146148085594,0.014741934835910797,0.015396722592413425,0.016051510348916054,0.016706299036741257,0.01736108586192131,0.018015874549746513,0.018670663237571716,0.01932545006275177,0.019980238750576973,0.020635027438402176,0.02128981426358223,0.021944602951407433,0.022599389776587486,0.02325417846441269]},"gradients/embedding.decode.2.bias":{"_type":"histogram","values":[1,1,1,0,2,1,2,1,0,0,0,0,1,1,1,2,4,2,1,2,1,4,2,2,0,0,3,1,4,1,2,0,0,1,1,0,1,0,0,0,1,0,0,1,0,0,0,0,0,0,0,0,0,0,0,0,0,0,1,0,0,0,0,1],