{"gradients/encode.0.bias":{"values":[4,1,1,1,2,2,4,6,3,8,7,5,3,4,4,8,11,11,11,19,18,18,18,19,24,31,25,36,42,57,54,74,83,93,119,126,126,124,224,95,72,76,61,47,40,34,29,25,10,12,20,16,10,5,6,4,5,1,1,1,1,1,0,2],"bins":[-0.00019266690651420504,-0.00018761550018098205,-0.0001825641083996743,-0.0001775127020664513,-0.00017246129573322833,-0.00016740990395192057,-0.00016235849761869758,-0.00015730710583738983,-0.00015225569950416684,-0.00014720429317094386,-0.0001421529013896361,-0.00013710149505641311,-0.00013205010327510536,-0.00012699869694188237,-0.00012194729060865939,-0.00011689589155139402,-0.00011184449249412864,-0.00010679309343686327,-0.0001017416943795979,-9.669028804637492e-05,-9.163888898910955e-05,-8.658748993184417e-05,-8.153608359862119e-05,-7.648468454135582e-05,-7.143328548409045e-05,-6.638188642682508e-05,-6.13304873695597e-05,-5.627908103633672e-05,-5.122768197907135e-05,-4.617628292180598e-05,-4.11248802265618e-05,-3.607347753131762e-05,-3.102209302596748e-05,-2.5970692149712704e-05,-2.091929127345793e-05,-1.5867890397203155e-05,-1.081648952094838e-05,-5.765088644693606e-06,-7.13687768438831e-07,4.337713107815944e-06,9.389113984070718e-06,1.4440514860325493e-05,1.9491915736580268e-05,2.4543316612835042e-05,2.9594717489089817e-05,3.464611654635519e-05,3.9697519241599366e-05,4.4748921936843544e-05,4.9800320994108915e-05,5.4851720051374286e-05,5.9903122746618465e-05,6.495452544186264e-05,7.000592449912801e-05,7.505732355639338e-05,8.010872988961637e-05,8.516012894688174e-05,9.021152800414711e-05,9.526292706141248e-05,0.00010031432611867785,0.00010536573245190084,0.00011041713150916621,0.00011546853056643158,0.00012051993689965457,0.00012557132868096232,0.0001306227350141853],"_type":"histogram"},"baseline_identity_loss":0.10236500203609467,"train_loss_identity_epoch":0.06057457998394966,"gradients/decode.2.bias":{"values":[1,0,1,0,0,0,0,0,0,0,1,0,0,0,2,2,0,0,0,2,0,1,2,2,3,3,3,4,3,3,1,3,1,1,2,2,0,0,0,1,0,0,0,0,0,0,0,1,1,1,0,0,1,0,1,0,0,0,0,0,0,0,0,1],"bins":[-0.004914240445941687,-0.004752090200781822,-0.004589939955621958,-0.004427789710462093,-0.004265639465302229,-0.0041034892201423645,-0.0039413389749825,-0.003779188496991992,-0.0036170382518321276,-0.003454888006672263,-0.0032927377615123987,-0.0031305875163525343,-0.002968437038362026,-0.002806286793202162,-0.0026441365480422974,-0.002481986302882433,-0.0023198360577225685,-0.002157685812562704,-0.0019955355674028397,-0.0018333852058276534,-0.001671234960667789,-0.0015090847155079246,-0.0013469343539327383,-0.0011847841087728739,-0.0010226338636130095,-0.000860483618453145,-0.0006983333150856197,-0.0005361830117180943,-0.0003740327665582299,-0.00021188249229453504,-4.973221803084016e-05,0.00011241805623285472,0.0002745687961578369,0.0004367190704215318,0.0005988693446852267,0.000761019648052752,0.0009231698932126164,0.0010853201383724809,0.0012474704999476671,0.0014096207451075315,0.001571770990267396,0.0017339212354272604,0.0018960714805871248,0.0020582217257469893,0.0022203722037374973,0.0023825224488973618,0.002544672694057226,0.0027068229392170906,0.002868973184376955,0.0030311234295368195,0.003193273674696684,0.0033554239198565483,0.0035175741650164127,0.003679724643006921,0.0038418748881667852,0.004004024900496006,0.004166175611317158,0.004328325856477022,0.004490476101636887,0.004652626346796751,0.0048147765919566154,0.00497692683711648,0.005139077082276344,0.005301227327436209,0.005463377572596073],"_type":"histogram"},"gradients/encode.0.weight":{"values":[3,4,1,1,9,5,6,11,16,17,14,17,40,43,82,130,155,183,272,341,403,580,821,1019,1472,1982,2446,3408,3984,5263,6805,9189,16006,7761,6505,5157,4752,3727,3749,2758,2396,1830,1655,1786,878,563,593,313,203,156,121,158,66,38,23,18,12,8,7,11,8,8,7,5],"bins":[-0.00020297702576499432,-0.00019670272013172507,-0.0001904283999465406,-0.00018415409431327134,-0.0001778797886800021,-0.00017160546849481761,-0.00016533116286154836,-0.00015905684267636389,-0.00015278253704309464,-0.00014650823140982538,-0.0001402339112246409,-0.00013395960559137166,-0.00012768528540618718,-0.00012141097977291793,-0.00011513667413964868,-0.00010886236123042181,-0.00010258804832119495,-9.631373541196808e-05,-9.003942250274122e-05,-8.376511686947197e-05,-7.74908039602451e-05,-7.121649105101824e-05,-6.494218541774899e-05,-5.866787250852212e-05,-5.239355959929526e-05,-4.6119246690068394e-05,-3.9844937418820336e-05,-3.357062814757228e-05,-2.7296315238345414e-05,-2.1022004148107953e-05,-1.4747693057870492e-05,-8.473381967633031e-06,-2.1990708773955703e-06,4.075240212841891e-06,1.0349551303079352e-05,1.6623862393316813e-05,2.2898173483554274e-05,2.9172484573791735e-05,3.5446795664029196e-05,4.1721104935277253e-05,4.799541784450412e-05,5.426973075373098e-05,6.054404002497904e-05,6.68183492962271e-05,7.309266220545396e-05,7.936697511468083e-05,8.564128074795008e-05,9.191559365717694e-05,9.81899065664038e-05,0.00010446421947563067,0.00011073853238485754,0.00011701283801812679,0.00012328714365139604,0.00012956146383658051,0.00013583576946984977,0.00014211008965503424,0.0001483843952883035,0.00015465870092157274,0.00016093302110675722,0.00016720732674002647,0.00017348164692521095,0.0001797559525584802,0.00018603025819174945,0.00019230457837693393,0.00019857888401020318],"_type":"histogram"},"gradients/decode.0.bias":{"bins":[-0.0006280046072788537,-0.0006091186660341918,-0.00059023272478953,-0.0005713467835448682,-0.0005524607840925455,-0.0005335748428478837,-0.0005146889016032219,-0.0004958029603585601,-0.0004769170191138983,-0.00045803107786923647,-0.00043914513662457466,-0.0004202591662760824,-0.0004013732250314206,-0.0003824872837867588,-0.0003636013134382665,-0.0003447153721936047,-0.0003258294309489429,-0.0003069434897042811,-0.0002880575484596193,-0.000269171578111127,-0.0002502856368664652,-0.0002313996956218034,-0.00021251373982522637,-0.00019362778402864933,-0.00017474184278398752,-0.00015585590153932571,-0.00013696994574274868,-0.00011808399722212926,-9.919804870150983e-05,-8.031210018089041e-05,-6.142615166027099e-05,-4.254020313965157e-05,-2.3654312826693058e-05,-4.768364306073636e-06,1.4117584214545786e-05,3.300353273516521e-05,5.188948125578463e-05,7.077542977640405e-05,8.966137829702348e-05,0.0001085473268176429,0.00012743327533826232,0.00014631921658292413,0.00016520517237950116,0.0001840911281760782,0.00020297706942074,0.00022186301066540182,0.00024074896646197885,0.0002596349222585559,0.0002785208635032177,0.0002974068047478795,0.0003162927459925413,0.0003351787163410336,0.0003540646575856954,0.0003729505988303572,0.00039183656917884946,0.00041072251042351127,0.0004296084516681731,0.0004484943929128349,0.0004673803341574967,0.00048626630450598896,0.0005051522748544812,0.000524038216099143,0.0005429241573438048,0.0005618100985884666,0.0005806960398331285],"_type":"histogram","values":[1,0,1,0,1,0,0,0,2,1,3,1,4,4,4,6,7,12,19,15,15,26,37,29,31,28,39,39,43,49,62,117,406,511,73,41,43,31,42,42,29,31,28,27,20,20,10,5,12,5,9,5,6,0,2,3,2,0,0,0,0,0,0,1]},"_step":29,"gradients/encode.3.bias":{"_type":"histogram","values":[1,0,0,0,0,0,0,0,0,0,0,2,0,1,0,0,0,0,1,0,1,0,0,1,1,0,1,0,1,0,0,0,1,1,0,0,1,1,0,0,0,0,0,1,1,1,0,1,1,0,0,0,0,0,0,0,0,0,0,0,0,0,0,1],