{"train_loss_identity_epoch":0.029173754155635834,"gradients/embedding.encode.2.weight":{"bins":[-0.014601675793528557,-0.014208342880010605,-0.013815009035170078,-0.013421676121652126,-0.013028343208134174,-0.012635009363293648,-0.012241676449775696,-0.011848343536257744,-0.011455009691417217,-0.011061676777899265,-0.010668343864381313,-0.010275010019540787,-0.009881677106022835,-0.009488344192504883,-0.009095010347664356,-0.008701677434146404,-0.008308343589305878,-0.007915010675787926,-0.007521677762269974,-0.0071283443830907345,-0.006735011003911495,-0.006341678090393543,-0.005948344711214304,-0.005555011332035065,-0.005161678418517113,-0.0047683450393378735,-0.004375011660158634,-0.003981678280979395,-0.003588345367461443,-0.0031950119882822037,-0.002801678841933608,-0.0024083454627543688,-0.002015012316405773,-0.0016216790536418557,-0.0012283457908779383,-0.0008350126445293427,-0.0004416793817654252,-4.8346148105338216e-05,0.0003449870855547488,0.0007383202901110053,0.0011316535528749228,0.0015249868156388402,0.0019183200784027576,0.0023116532247513533,0.002704986371099949,0.003098319750279188,0.0034916528966277838,0.003884986275807023,0.004278319422155619,0.004671652801334858,0.00506498571485281,0.005458319094032049,0.0058516524732112885,0.00624498538672924,0.00663831876590848,0.007031652145087719,0.007424985058605671,0.007818318903446198,0.00821165181696415,0.008604984730482101,0.008998318575322628,0.00939165148884058,0.009784984402358532,0.010178318247199059,0.01057165116071701],"_type":"histogram","values":[1,1,2,0,2,1,2,2,4,8,9,12,13,21,25,39,47,55,57,54,71,79,91,114,144,160,195,233,254,312,325,326,382,388,522,604,1038,29066,879,870,764,693,565,395,266,224,156,104,93,81,66,62,40,29,19,11,8,7,3,2,1,1,1,1]},"gradients/embedding.decode.0.weight":{"_type":"histogram","values":[1,1,0,0,1,4,4,0,8,5,8,4,7,8,10,17,21,30,33,37,58,54,55,73,90,106,145,151,151,201,234,228,259,289,357,516,1200,31981,719,600,535,491,315,242,190,140,91,76,67,53,40,21,19,15,11,5,7,8,1,2,4,0,0,1],"bins":[-0.018188245594501495,-0.017697839066386223,-0.01720743253827095,-0.016717027872800827,-0.016226621344685555,-0.015736214816570282,-0.015245809219777584,-0.014755403622984886,-0.014264997094869614,-0.013774590566754341,-0.013284184969961643,-0.012793779373168945,-0.012303372845053673,-0.0118129663169384,-0.011322560720145702,-0.010832155123353004,-0.010341748595237732,-0.00985134206712246,-0.009360936470329762,-0.008870530873537064,-0.008380124345421791,-0.007889717817306519,-0.007399312220513821,-0.0069089061580598354,-0.00641850009560585,-0.005928094033151865,-0.00543768797069788,-0.004947281908243895,-0.004456875845789909,-0.003966469783335924,-0.003476063720881939,-0.0029856576584279537,-0.0024952534586191177,-0.0020048473961651325,-0.0015144413337111473,-0.001024035271257162,-0.0005336292088031769,-4.3223146349191666e-05,0.00044718291610479355,0.0009375889785587788,0.001427995041012764,0.0019184011034667492,0.0024088071659207344,0.0028992132283747196,0.003389619290828705,0.00388002535328269,0.004370431415736675,0.0048608374781906605,0.005351243540644646,0.005841649603098631,0.006332055665552616,0.006822461728006601,0.0073128677904605865,0.007803273852914572,0.008293679915368557,0.008784085512161255,0.009274492040276527,0.0097648985683918,0.010255304165184498,0.010745709761977196,0.011236116290092468,0.01172652281820774,0.012216928415000439,0.012707334011793137,0.013197740539908409]},"_step":100,"gradients/embedding.encode.2.bias":{"_type":"histogram","values":[1,1,0,0,0,0,0,0,0,0,0,0,0,1,1,0,0,0,0,0,1,0,0,1,0,0,0,0,0,0,0,0,1,0,0,0,1,4,0,0,0,0,0,0,0,0,2,2,0,0,0,0,2,0,0,0,0,0,0,0,1,0,0,1],"bins":[-0.009901502169668674,-0.009635502472519875,-0.0093695018440485,-0.0091035021468997,-0.0088375024497509,-0.008571501821279526,-0.008305502124130726,-0.008039502426981926,-0.0077735017985105515,-0.0075075021013617516,-0.007241501938551664,-0.006975501775741577,-0.006709502078592777,-0.00644350191578269,-0.006177501752972603,-0.005911502055823803,-0.005645501893013716,-0.0053795017302036285,-0.005113502033054829,-0.0048475018702447414,-0.004581501707434654,-0.004315502010285854,-0.004049501847475767,-0.00378350168466568,-0.0035175017546862364,-0.003251501824706793,-0.0029855016618967056,-0.002719501731917262,-0.0024535018019378185,-0.0021875016391277313,-0.0019215017091482878,-0.0016555016627535224,-0.0013895020820200443,-0.001123502035625279,-0.0008575020474381745,-0.00059150205925107,-0.00032550201285630465,-5.9501995565369725e-05,0.0002064980217255652,0.0004724980390165001,0.000738498056307435,0.0010044981027022004,0.0012704981490969658,0.0015364980790764093,0.0018024981254711747,0.00206849817186594,0.0023344981018453836,0.002600498264655471,0.0028664981946349144,0.003132498124614358,0.003398498287424445,0.0036644982174038887,0.003930498380213976,0.004196498077362776,0.004462498240172863,0.00472849840298295,0.004994498565793037,0.005260498262941837,0.0055264984257519245,0.005792498588562012,0.006058498285710812,0.006324498448520899,0.006590498611330986,0.006856498308479786,0.007122498471289873]},"_runtime":66.807971715,"baseline_identity_loss":0.051327209919691086,"gradients/embedding.decode.0.bias":{"bins":[-0.00047131883911788464,-0.00042357848724350333,-0.00037583810626529157,-0.00032809775439091027,-0.0002803573734126985,-0.0002326170215383172,-0.0001848766696639359,-0.00013713630323763937,-8.939593681134284e-05,-4.165557402302511e-05,6.084788765292615e-06,5.382515155361034e-05,0.00010156551434192806,0.0001493058807682246,0.0001970462326426059,0.00024478661362081766,0.00029252696549519897,0.00034026731736958027,0.00038800769834779203,0.00043574805022217333,0.0004834884312003851,0.0005312287830747664,0.0005789691349491477,0.000626709486823529,0.0006744498386979103,0.0007221902487799525,0.0007699306006543338,0.0008176709525287151,0.0008654113044030964,0.0009131516562774777,0.00096089206635952,0.0010086323600262403,0.0010563727701082826,0.0011041131801903248,0.0011518534738570452,0.0011995938839390874,0.0012473341776058078,0.00129507458768785,0.0013428149977698922,0.0013905552914366126,0.0014382957015186548,0.0014860359951853752,0.0015337764052674174,0.0015815168153494596,0.00162925710901618,0.0016769975190982223,0.0017247378127649426,0.0017724782228469849,0.0018202185165137053,0.0018679589265957475,0.0019156993366777897,0.00196343963034451,0.0020111799240112305,0.0020589204505085945,0.002106660744175315,0.0021544010378420353,0.0022021415643393993,0.0022498818580061197,0.00229762215167284,0.002345362678170204,0.0023931029718369246,0.002440843265503645,0.0024885835591703653,0.0025363240856677294,0.0025840643793344498],"_type":"histogram","values":[1,0,1,3,3,10,7,6,24,1156,271,27,22,19,19,27,17,24,21,16,16,13,14,15,22,19,14,19,14,15,11,14,15,14,16,13,6,12,7,7,8,6,9,1,3,1,2,2,2,2,3,5,0,0,1,0,3,1,0,0,0,0,0,1]},"_wandb":{"runtime":66},"gradients/embedding.decode.2.bias":{"values":[1,0,2,2,0,1,0,0,2,0,0,1,2,2,1,1,2,1,2,1,0,0,1,2,3,1,2,0,1,3,1,1,1,1,0,0,1,0,0,1,0,1,0,0,1,0,0,1,1,1,0,1,1,0,0,0,0,0,0,0,0,1,1,1],