{"_timestamp":1.7307354175577066e+09,"gradients/encode.0.weight":{"_type":"histogram","values":[4,1,1,1,4,8,11,11,18,26,33,45,63,71,95,108,157,178,225,295,366,457,523,674,856,997,1226,1707,2246,2827,3876,5579,12956,31546,15621,6360,3161,1946,1395,954,767,616,475,377,262,218,152,121,87,74,52,52,44,16,18,14,13,7,6,0,0,0,0,1],"bins":[-0.0001749406656017527,-0.0001696468680165708,-0.00016435305587947369,-0.0001590592582942918,-0.00015376544615719467,-0.00014847164857201278,-0.00014317783643491566,-0.00013788403884973377,-0.00013259024126455188,-0.00012729642912745476,-0.00012200262426631525,-0.00011670881940517575,-0.00011141502181999385,-0.00010612121695885435,-0.00010082741209771484,-9.553360723657534e-05,-9.023980237543583e-05,-8.494599751429632e-05,-7.965219265315682e-05,-7.435838779201731e-05,-6.90645829308778e-05,-6.377078534569591e-05,-5.847698048455641e-05,-5.31831756234169e-05,-4.7889370762277395e-05,-4.259556590113789e-05,-3.730176103999838e-05,-3.200795981683768e-05,-2.6714154955698177e-05,-2.142035009455867e-05,-1.612654705240857e-05,-1.0832743100763764e-05,-5.538953701034188e-06,-2.4514974938938394e-07,5.04865420225542e-06,1.0342458153900225e-05,1.563626210554503e-05,2.0930066966684535e-05,2.6223870008834638e-05,3.151767305098474e-05,3.6811477912124246e-05,4.210528277326375e-05,4.739908763440326e-05,5.269288885756396e-05,5.7986693718703464e-05,6.328049494186416e-05,6.857429980300367e-05,7.386810466414317e-05,7.916190952528268e-05,8.445571438642219e-05,8.974951924756169e-05,9.50433241087012e-05,0.0001003371289698407,0.0001056309265550226,0.0001109247314161621,0.00011621853627730161,0.00012151234113844112,0.00012680614599958062,0.00013209994358476251,0.00013739375572185963,0.00014268755330704153,0.00014798136544413865,0.00015327516302932054,0.00015856897516641766,0.00016386277275159955]},"gradients/encode.3.bias":{"_type":"histogram","values":[1,0,0,0,0,0,0,0,0,0,0,0,0,0,1,0,0,0,2,0,0,0,0,0,0,2,0,0,0,0,0,2,0,1,0,0,0,2,0,1,0,0,1,1,0,0,0,0,0,0,0,0,0,2,0,1,0,0,0,0,0,2,0,1],"bins":[-0.002729820553213358,-0.0026549261528998613,-0.0025800319854170084,-0.002505137585103512,-0.0024302431847900152,-0.0023553490173071623,-0.0022804546169936657,-0.002205560216680169,-0.002130666049197316,-0.0020557716488838196,-0.001980877248570323,-0.00190598308108747,-0.0018310886807739735,-0.0017561943968757987,-0.001681300112977624,-0.0016064057126641273,-0.0015315114287659526,-0.0014566171448677778,-0.0013817227445542812,-0.0013068284606561065,-0.0012319341767579317,-0.0011570397764444351,-0.0010821454925462604,-0.0010072512086480856,-0.0009323568665422499,-0.0008574625244364142,-0.0007825682405382395,-0.0007076738984324038,-0.0006327795563265681,-0.0005578852724283934,-0.0004829909303225577,-0.00040809661732055247,-0.00033320230431854725,-0.00025830799131654203,-0.00018341366376262158,-0.00010851934348465875,-3.3625023206695914e-05,4.126929707126692e-05,0.00011616361734922975,0.0001910579449031502,0.0002659522579051554,0.00034084657090716064,0.00041574088390916586,0.0004906352260150015,0.0005655295681208372,0.000640423852019012,0.0007153181941248477,0.0007902124780230224,0.0008651068201288581,0.0009400011622346938,0.0010148955043405294,0.0010897897882387042,0.001164684072136879,0.0012395784724503756,0.0013144727563485503,0.001389367040246725,0.0014642614405602217,0.0015391557244583964,0.0016140500083565712,0.001688944292254746,0.0017638386925682425,0.0018387329764664173,0.001913627260364592,0.001988521544262767,0.0020634159445762634]},"train_loss_identity_epoch":0.042418573051691055,"gradients/decode.0.bias":{"bins":[-0.0006027097697369754,-0.000582702225074172,-0.0005626946222037077,-0.0005426870193332434,-0.00052267947467044,-0.0005026719300076365,-0.0004826643271371722,-0.00046265675337053835,-0.0004426491796039045,-0.0004226416058372706,-0.00040263403207063675,-0.0003826264583040029,-0.000362618884537369,-0.00034261131077073514,-0.0003226037370041013,-0.0003025961632374674,-0.00028258858947083354,-0.00026258101570419967,-0.0002425734419375658,-0.00022256586817093194,-0.00020255829440429807,-0.0001825507206376642,-0.00016254314687103033,-0.00014253557310439646,-0.0001225279993377626,-0.00010252042557112873,-8.251285180449486e-05,-6.250527803786099e-05,-4.249770427122712e-05,-2.2490130504593253e-05,-2.482556737959385e-06,1.7525017028674483e-05,3.753253258764744e-05,5.7540106354281306e-05,7.754768012091517e-05,9.755525388754904e-05,0.00011756282765418291,0.00013757040142081678,0.00015757797518745065,0.00017758554895408452,0.00019759312272071838,0.00021760069648735225,0.00023760827025398612,0.00025761584402062,0.00027762341778725386,0.0002976309915538877,0.0003176385653205216,0.00033764613908715546,0.00035765371285378933,0.0003776612866204232,0.00039766886038705707,0.00041767643415369093,0.0004376840079203248,0.00045769158168695867,0.00047769915545359254,0.000497706700116396,0.0005177143029868603,0.0005377219058573246,0.000557729450520128,0.0005777369951829314,0.0005977445980533957,0.0006177522009238601,0.0006377597455866635,0.0006577672902494669,0.0006777748931199312],"_type":"histogram","values":[2,1,0,2,4,9,4,5,3,7,9,14,14,14,14,14,24,32,29,30,28,33,39,38,52,49,57,54,63,286,578,52,51,48,50,36,29,29,21,27,16,20,13,15,12,8,8,16,5,6,6,4,3,5,6,1,1,0,1,0,0,0,1,2]},"_wandb":{"runtime":262},"gradients/encode.0.bias":{"values":[2,1,1,2,2,3,3,3,3,2,8,3,5,17,11,15,14,13,20,26,36,23,23,36,39,53,55,66,68,78,56,90,668,142,60,58,37,47,42,26,25,17,11,14,13,7,16,4,9,4,1,3,3,6,1,2,0,3,1,1,1,0,0,1],"bins":[-0.000200399590539746,-0.00019431111286394298,-0.0001882226497400552,-0.0001821341720642522,-0.00017604570894036442,-0.00016995723126456141,-0.00016386876814067364,-0.00015778029046487063,-0.00015169181278906763,-0.00014560334966517985,-0.00013951487198937684,-0.00013342640886548907,-0.00012733793118968606,-0.00012124946078984067,-0.00011516099038999528,-0.00010907251999014989,-0.0001029840495903045,-9.68955791904591e-05,-9.080710879061371e-05,-8.471863839076832e-05,-7.863016799092293e-05,-7.254169031511992e-05,-6.645321991527453e-05,-6.036474951542914e-05,-5.427627911558375e-05,-4.8187808715738356e-05,-4.2099338315892965e-05,-3.6010864278068766e-05,-2.9922393878223374e-05,-2.3833923478377983e-05,-1.7745451259543188e-05,-1.1656979950203095e-05,-5.568508640863001e-06,5.199626684770919e-07,6.608433977817185e-06,1.2696905287157279e-05,1.8785376596497372e-05,2.4873846996342763e-05,3.096232103416696e-05,3.7050791434012353e-05,4.3139261833857745e-05,4.9227732233703136e-05,5.531620263354853e-05,6.140467303339392e-05,6.749315070919693e-05,7.358162110904232e-05,7.967009150888771e-05,8.57585619087331e-05,9.184703230857849e-05,9.793550270842388e-05,0.00010402397310826927,0.00011011244350811467,0.00011620091390796006,0.00012228939158376306,0.00012837785470765084,0.00013446633238345385,0.00014055479550734162,0.00014664327318314463,0.00015273175085894763,0.0001588202139828354,0.00016490869165863842,0.0001709971547825262,0.0001770856324583292,0.00018317409558221698,0.00018926257325801998],"_type":"histogram"},"gradients/decode.2.weight":{"_type":"histogram","values":[2,0,1,2,3,2,15,19,27,36,45,93,117,172,268,438,587,875,1310,1971,2764,4266,9239,57615,7212,4226,2673,1815,1192,837,550,364,284,231,130,119,73,76,56,49,35,44,22,21,19,21,23,12,11,7,4,5,4,2,6,2,3,1,1,0,0,1,1,1],