{"gradients/embedding.decode.2.weight":{"values":[2,1,5,2,2,7,9,11,14,25,22,43,57,67,93,141,162,240,274,418,529,759,846,1195,1584,2103,2880,4518,10946,55627,5614,3102,2149,1512,1174,903,635,498,423,302,261,170,152,121,89,69,56,44,26,22,30,9,13,12,8,5,7,1,3,2,2,0,2,2],"bins":[-0.004252549726516008,-0.004106472712010145,-0.003960395697504282,-0.003814318682998419,-0.0036682416684925556,-0.0035221644211560488,-0.0033760874066501856,-0.0032300103921443224,-0.003083933377638459,-0.002937856363132596,-0.002791779348626733,-0.0026457023341208696,-0.002499625086784363,-0.0023535480722784996,-0.0022074710577726364,-0.0020613940432667732,-0.00191531702876091,-0.0017692400142550468,-0.0016231629997491837,-0.0014770858688279986,-0.0013310088543221354,-0.0011849318398162723,-0.0010388547088950872,-0.000892777694389224,-0.0007467006798833609,-0.0006006236653774977,-0.00045454659266397357,-0.0003084695490542799,-0.00016239250544458628,-1.631546183489263e-05,0.00012976158177480102,0.00027583862538449466,0.0004219161346554756,0.0005679931491613388,0.0007140702218748629,0.000860147294588387,0.0010062243090942502,0.0011523013236001134,0.0012983784545212984,0.0014444554690271616,0.0015905324835330248,0.001736609498038888,0.0018826865125447512,0.0020287635270506144,0.002174840774387121,0.0023209177888929844,0.0024669948033988476,0.0026130718179047108,0.002759148832410574,0.002905225846916437,0.0030513028614223003,0.0031973798759281635,0.0033434568904340267,0.0034895341377705336,0.0036356111522763968,0.00378168816678226,0.003927765414118767,0.00407384242862463,0.004219919443130493,0.004365996457636356,0.0045120734721422195,0.004658150486648083,0.004804227501153946,0.004950304515659809,0.005096381530165672],"_type":"histogram"},"_timestamp":1.7307177313525019e+09,"_wandb":{"runtime":68},"test_loss_identity_epoch":0.025166155770421028,"gradients/embedding.decode.0.bias":{"bins":[-0.0005157860578037798,-0.0005010712193325162,-0.00048635638086125255,-0.0004716415423899889,-0.00045692670391872525,-0.0004422118654474616,-0.00042749702697619796,-0.0004127821885049343,-0.00039806735003367066,-0.000383352511562407,-0.00036863767309114337,-0.0003539228346198797,-0.0003392079961486161,-0.00032449315767735243,-0.0003097783192060888,-0.00029506348073482513,-0.0002803486422635615,-0.0002656338328961283,-0.00025091899442486465,-0.00023620414140168577,-0.00022148930293042213,-0.00020677446445915848,-0.00019205962598789483,-0.00017734478751663119,-0.00016262996359728277,-0.00014791512512601912,-0.00013320028665475547,-0.00011848544090753421,-0.00010377060971222818,-8.905577124096453e-05,-7.434093276970088e-05,-5.962609429843724e-05,-4.491125582717359e-05,-3.0196417355909944e-05,-1.54815807036357e-05,-7.667431418667547e-07,1.394809441990219e-05,2.8662932891165838e-05,4.337776772445068e-05,5.8092606195714325e-05,7.280744466697797e-05,8.752228313824162e-05,0.00010223712160950527,0.00011695196008076891,0.00013166679127607495,0.0001463816297473386,0.00016109646821860224,0.0001758113066898659,0.00019052614516112953,0.00020524098363239318,0.00021995582210365683,0.00023467066057492048,0.0002493854844942689,0.00026410032296553254,0.0002788151614367962,0.00029352999990805984,0.0003082448383793235,0.00032295967685058713,0.0003376745153218508,0.0003523893537931144,0.00036710419226437807,0.0003818190307356417,0.00039653386920690536,0.000411248707678169,0.00042596354614943266],"_type":"histogram","values":[1,0,0,1,0,0,0,0,2,0,1,3,2,5,7,6,11,6,8,7,18,15,17,16,19,36,42,35,48,56,63,81,82,103,587,354,66,41,38,38,34,27,20,18,13,14,12,9,7,7,7,5,4,1,2,1,0,0,1,0,1,0,1,1]},"gradients/embedding.encode.3.weight":{"values":[1,2,1,1,1,2,3,3,4,5,11,16,22,24,16,42,51,57,73,103,134,193,220,264,389,488,694,900,1341,1912,3233,4909,9688,4854,3468,2099,1260,848,605,452,349,221,207,193,147,95,99,80,62,32,31,16,20,17,11,6,6,10,6,1,0,0,0,2],"bins":[-0.0009451817022636533,-0.0009164467919617891,-0.000887711881659925,-0.0008589770295657218,-0.0008302421192638576,-0.0008015072089619935,-0.0007727722986601293,-0.0007440373883582652,-0.0007153025362640619,-0.0006865676259621978,-0.0006578327156603336,-0.0006290978053584695,-0.0006003628950566053,-0.0005716279847547412,-0.000542893132660538,-0.0005141582223586738,-0.00048542331205680966,-0.0004566884017549455,-0.0004279535205569118,-0.0003992186102550477,-0.000370483729057014,-0.00034174881875514984,-0.0003130139084532857,-0.000284279027255252,-0.00025554411695338786,-0.00022680922120343894,-0.00019807432545349002,-0.00016933941515162587,-0.00014060451940167695,-0.00011186962365172803,-8.31347206258215e-05,-5.4399821237893775e-05,-2.566492184996605e-05,3.0699775379616767e-06,3.18048769258894e-05,6.053977631381713e-05,8.927467570174485e-05,0.00011800957145169377,0.00014674448175355792,0.00017547937750350684,0.00020421427325345576,0.00023294916900340468,0.0002616840647533536,0.00029041897505521774,0.0003191538853570819,0.0003478887665551156,0.00037662367685697973,0.0004053585580550134,0.00043409346835687757,0.0004628283786587417,0.0004915632889606059,0.0005202981410548091,0.0005490330513566732,0.0005777679616585374,0.0006065028719604015,0.0006352377822622657,0.0006639726925641298,0.0006927075446583331,0.0007214424549601972,0.0007501773652620614,0.0007789122755639255,0.0008076471858657897,0.0008363820379599929,0.000865116948261857,0.0008938518585637212],"_type":"histogram"},"gradients/embedding.decode.0.weight":{"_type":"histogram","values":[1,1,1,0,1,1,3,4,2,9,2,3,17,28,17,35,57,82,107,143,196,306,379,505,711,936,1319,1764,2912,14900,6769,2385,1687,1307,968,651,483,332,249,209,148,104,70,48,41,33,12,11,6,9,16,9,3,1,3,0,0,1,0,2,0,0,0,1],"bins":[-0.00037654442712664604,-0.00036392666515894234,-0.00035130890319123864,-0.00033869114122353494,-0.00032607337925583124,-0.00031345561728812754,-0.00030083785532042384,-0.00028822009335272014,-0.00027560233138501644,-0.0002629845403134823,-0.0002503667783457786,-0.0002377490309299901,-0.00022513125441037118,-0.00021251349244266748,-0.00019989573047496378,-0.00018727796850726008,-0.00017466020653955638,-0.00016204244457185268,-0.00014942468260414898,-0.00013680692063644528,-0.00012418915866874158,-0.00011157138942508027,-9.895362018141896e-05,-8.633585821371526e-05,-7.371809624601156e-05,-6.110033427830786e-05,-4.848256867262535e-05,-3.586480306694284e-05,-2.324704109923914e-05,-1.0629277312546037e-05,1.9884864741470665e-06,1.460625026084017e-05,2.7224014047533274e-05,3.9841776015236974e-05,5.245954162091948e-05,6.507730722660199e-05,7.769506919430569e-05,9.031283116200939e-05,0.0001029306004056707,0.0001155483623733744,0.0001281661243410781,0.0001407838863087818,0.0001534016482764855,0.0001660194102441892,0.00017863718676380813,0.00019125494873151183,0.00020387271069921553,0.00021649047266691923,0.00022910823463462293,0.00024172599660232663,0.00025434375857003033,0.00026696152053773403,0.00027957928250543773,0.00029219704447314143,0.00030481480644084513,0.00031743256840854883,0.000330050359480083,0.0003426681214477867,0.0003552858834154904,0.0003679036453831941,0.0003805214073508978,0.0003931391693186015,0.0004057569312863052,0.0004183746932540089,0.0004309924552217126]},"_runtime":68.431002517,"gradients/embedding.encode.0.weight":{"values":[1,0,0,1,0,2,2,5,7,6,14,38,63,114,174,316,475,697,983,1345,1984,2724,3787,4786,6194,7552,17553,18246,15180,7881,4360,1879,1212,793,554,356,225,131,124,70,45,35,18,16,8,7,6,4,5,6,3,4,4,0,1,1,1,0,0,1,0,0,0,1],