{"train_fwd_loss_epoch":0.061184704303741455,"baseline_bwd_loss":0.05858293175697327,"gradients/encode.0.bias":{"_type":"histogram","values":[1,1,1,0,2,3,4,4,4,10,5,8,7,16,14,26,16,41,32,57,39,39,58,60,72,75,73,87,86,160,194,88,76,95,79,79,50,65,50,47,31,28,31,17,17,8,8,9,4,5,4,3,4,2,1,0,1,1,0,0,0,1,0,1],"bins":[-0.0003639422939158976,-0.00035180855775251985,-0.00033967485069297254,-0.0003275411145295948,-0.0003154074074700475,-0.0003032736713066697,-0.00029113993514329195,-0.00027900622808374465,-0.0002668724919203669,-0.0002547387848608196,-0.00024260504869744182,-0.00023047132708597928,-0.00021833760547451675,-0.00020620388386305422,-0.00019407014769967645,-0.00018193642608821392,-0.0001698027044767514,-0.00015766898286528885,-0.00014553526125382632,-0.00013340152509044856,-0.00012126780347898602,-0.00010913408186752349,-9.700036025606096e-05,-8.486663136864081e-05,-7.273290975717828e-05,-6.0599184507736936e-05,-4.8465459258295596e-05,-3.633173764683306e-05,-2.419801239739172e-05,-1.2064288057445083e-05,6.943628250155598e-08,1.2203160622448195e-05,2.4336884962394834e-05,3.6470610211836174e-05,4.8604335461277515e-05,6.073805707274005e-05,7.28717859601602e-05,8.500550757162273e-05,9.713922918308526e-05,0.00010927295807050541,0.00012140667968196794,0.0001335404085693881,0.00014567413018085063,0.00015780785179231316,0.0001699415734037757,0.00018207529501523823,0.000194209031178616,0.00020634275279007852,0.00021847647440154105,0.0002306101960130036,0.00024274391762446612,0.00025487763923592865,0.0002670113753993064,0.0002791450824588537,0.0002912788186222315,0.00030341255478560925,0.00031554626184515655,0.0003276799980085343,0.0003398137050680816,0.0003519474412314594,0.00036408117739483714,0.00037621488445438445,0.0003883486206177622,0.0004004823276773095,0.0004126160638406873]},"gradients/graph_1bandedkoop_fwd.banded_params.weight":{"values":[1,0,0,2,0,0,0,0,0,0,0,0,0,0,0,1,1,1,1,0,0,0,2,0,2,1,1,1,3,1,2,4,6,4,2,8,10,12,11,11,11,17,6,6,11,9,5,3,5,5,3,3,1,4,3,1,2,3,1,1,1,0,0,1],"bins":[-0.03740309178829193,-0.036489132791757584,-0.03557517006993294,-0.03466121107339859,-0.033747248351573944,-0.0328332893550396,-0.03191932663321495,-0.031005365774035454,-0.030091404914855957,-0.02917744405567646,-0.028263483196496964,-0.027349522337317467,-0.02643556147813797,-0.025521600618958473,-0.024607639759778976,-0.02369367890059948,-0.022779718041419983,-0.021865759044885635,-0.02095179818570614,-0.020037837326526642,-0.019123876467347145,-0.01820991560816765,-0.01729595474898815,-0.016381993889808655,-0.015468033030629158,-0.014554072171449661,-0.013640111312270164,-0.012726150453090668,-0.011812189593911171,-0.010898228734731674,-0.009984267875552177,-0.00907030701637268,-0.008156346157193184,-0.007242385298013687,-0.00632842443883419,-0.005414463579654694,-0.004500502720475197,-0.0035865420941263437,-0.0026725814677774906,-0.0017586206085979939,-0.0008446597494184971,6.930105155333877e-05,0.0009832618525251746,0.0018972225952893496,0.0028111834544688463,0.003725144313648343,0.004639104939997196,0.005553065799176693,0.00646702665835619,0.0073809875175356865,0.008294948376715183,0.00920890923589468,0.010122870095074177,0.011036830954253674,0.01195079181343317,0.012864752672612667,0.01377871260046959,0.014692673459649086,0.015606634318828583,0.01652059517800808,0.017434556037187576,0.018348516896367073,0.01926247775554657,0.020176438614726067,0.021090399473905563],"_type":"histogram"},"gradients/graph_1bandedkoop_bwd.banded_params.weight":{"bins":[-0.035503827035427094,-0.034650880843400955,-0.033797938376665115,-0.03294499218463898,-0.03209204971790314,-0.031239103525877,-0.03038615919649601,-0.02953321486711502,-0.02868027053773403,-0.027827326208353043,-0.026974381878972054,-0.026121437549591064,-0.025268491357564926,-0.024415547028183937,-0.023562602698802948,-0.02270965836942196,-0.02185671404004097,-0.02100376971065998,-0.02015082538127899,-0.019297881051898003,-0.018444936722517014,-0.017591990530490875,-0.016739046201109886,-0.015886101871728897,-0.015033157542347908,-0.014180213212966919,-0.01332726888358593,-0.012474323622882366,-0.011621379293501377,-0.010768434964120388,-0.009915489703416824,-0.009062545374035835,-0.008209602907299995,-0.007356658577919006,-0.00650371378287673,-0.005650768987834454,-0.0047978246584534645,-0.003944880329072475,-0.003091935534030199,-0.0022389909718185663,-0.0013860464096069336,-0.0005331018473953009,0.00031984271481633186,0.0011727872770279646,0.0020257318392395973,0.00287867640145123,0.0037316209636628628,0.004584565758705139,0.005437510088086128,0.006290454417467117,0.007143399212509394,0.00799634400755167,0.00884928833693266,0.009702232666313648,0.010555177927017212,0.011408122256398201,0.01226106658577919,0.01311401091516018,0.013966955244541168,0.014819900505244732,0.015672843903303146,0.016525790095329285,0.017378734424710274,0.018231678754091263,0.019084623083472252],"_type":"histogram","values":[1,0,0,0,0,0,0,1,0,0,1,0,0,0,0,0,0,0,1,0,0,1,1,0,2,1,1,3,3,2,1,2,0,2,8,9,10,10,8,9,12,16,13,4,10,8,6,7,6,5,4,1,1,3,3,5,3,3,0,1,1,0,0,1]},"gradients/decode.0.bias":{"_type":"histogram","values":[1,0,2,1,3,3,1,4,11,3,9,7,8,8,9,16,12,21,15,18,22,24,30,18,19,30,23,38,36,64,108,169,154,89,244,340,44,33,32,25,32,42,26,30,22,23,24,19,14,15,9,9,2,13,3,4,5,3,2,2,2,2,2,1],"bins":[-0.007989439181983471,-0.007761264685541391,-0.007533090189099312,-0.007304915692657232,-0.007076741196215153,-0.0068485671654343605,-0.006620392668992281,-0.006392218172550201,-0.006164043676108122,-0.005935869179666042,-0.005707694683223963,-0.005479520186781883,-0.005251346156001091,-0.0050231716595590115,-0.004794997163116932,-0.004566822666674852,-0.004338648170232773,-0.004110473673790693,-0.0038822991773486137,-0.003654124913737178,-0.0034259504172950983,-0.0031977759208530188,-0.002969601657241583,-0.0027414271607995033,-0.0025132526643574238,-0.0022850781679153442,-0.0020569036714732647,-0.0018287294078618288,-0.0016005549114197493,-0.0013723804149776697,-0.001144206034950912,-0.0009160315967164934,-0.0006878571584820747,-0.0004596827202476561,-0.00023150828201323748,-3.3338437788188457e-06,0.00022484059445559978,0.0004530150326900184,0.000681189470924437,0.0009093639091588557,0.0011375383473932743,0.0013657128438353539,0.0015938872238621116,0.0018220616038888693,0.002050236100330949,0.0022784105967730284,0.0025065848603844643,0.002734759356826544,0.0029629338532686234,0.003191108349710703,0.0034192828461527824,0.0036474571097642183,0.003875631606206298,0.004103805869817734,0.004331980366259813,0.004560154862701893,0.004788329359143972,0.005016503855586052,0.0052446783520281315,0.005472852848470211,0.005701026879251003,0.005929201375693083,0.006157375872135162,0.006385550368577242,0.0066137248650193214]},"gradients/decode.2.bias":{"values":[1,0,0,0,1,1,0,1,0,0,3,0,1,1,0,1,0,4,0,2,2,3,0,1,2,1,2,3,1,0,3,1,1,0,0,1,1,2,0,0,0,0,1,1,0,3,0,1,1,0,0,0,0,0,0,0,0,1,0,0,0,0,0,2],