{"gradients/encode.3.weight":{"bins":[-0.1124877780675888,-0.10780921578407288,-0.10313065350055695,-0.09845209121704102,-0.09377352893352509,-0.08909497410058975,-0.08441641181707382,-0.07973784953355789,-0.07505928725004196,-0.07038072496652603,-0.0657021626830101,-0.06102360412478447,-0.05634504184126854,-0.05166647955775261,-0.04698792099952698,-0.04230935871601105,-0.03763079643249512,-0.03295223414897919,-0.028273673728108406,-0.023595113307237625,-0.018916551023721695,-0.01423798967152834,-0.009559428319334984,-0.004880866967141628,-0.0002023056149482727,0.004476255737245083,0.009154817089438438,0.013833378441631794,0.01851193979382515,0.02319050207734108,0.02786906249821186,0.03254762291908264,0.037226200103759766,0.041904762387275696,0.046583324670791626,0.05126188322901726,0.05594044551253319,0.06061900779604912,0.06529756635427475,0.06997612863779068,0.07465469092130661,0.07933325320482254,0.08401181548833847,0.0886903777718544,0.09336893260478973,0.09804749488830566,0.1027260571718216,0.10740461945533752,0.11208318173885345,0.11676174402236938,0.12144030630588531,0.12611886858940125,0.13079743087291718,0.1354759931564331,0.14015455543994904,0.14483311772346497,0.1495116651058197,0.15419022738933563,0.15886878967285156,0.1635473519563675,0.16822591423988342,0.17290447652339935,0.17758303880691528,0.1822616010904312,0.18694016337394714],"_type":"histogram","values":[4,0,0,0,2,13,8,14,19,46,53,52,72,111,134,184,208,266,311,459,693,1259,2604,9209,13316,4408,2117,1383,909,671,410,285,166,131,92,62,49,36,50,34,19,20,20,10,13,12,11,12,12,10,3,4,4,1,3,3,0,1,0,0,0,0,1,1]},"test_fwd_loss_epoch":0.15002323687076569,"baseline_bwd_loss":0.060483261942863464,"gradients/decode.2.bias":{"_type":"histogram","values":[1,0,0,1,0,1,3,0,0,0,2,4,2,1,1,1,1,1,1,0,5,1,3,1,2,0,1,1,1,0,1,2,1,1,0,0,1,2,1,1,1,0,0,0,0,0,0,1,0,0,0,0,0,0,0,0,0,1,1,0,0,0,0,1],"bins":[0.010969310998916626,0.012799861840903759,0.014630412682890892,0.01646096259355545,0.018291514366865158,0.020122064277529716,0.021952614188194275,0.023783165961503983,0.02561371587216854,0.0274442657828331,0.029274817556142807,0.031105367466807365,0.032935917377471924,0.03476646915078163,0.03659702092409134,0.03842756897211075,0.040258120745420456,0.042088672518730164,0.04391922056674957,0.04574977234005928,0.04758032411336899,0.0494108721613884,0.051241423934698105,0.05307197570800781,0.05490252375602722,0.05673307552933693,0.05856362730264664,0.060394179075956345,0.062224727123975754,0.06405527889728546,0.06588582694530487,0.06771638244390488,0.06954693049192429,0.0713774785399437,0.0732080340385437,0.07503858208656311,0.07686913013458252,0.07869968563318253,0.08053023368120193,0.08236078172922134,0.08419133722782135,0.08602188527584076,0.08785243332386017,0.08968298882246017,0.09151353687047958,0.09334408491849899,0.095174640417099,0.09700518846511841,0.09883573651313782,0.10066629201173782,0.10249684005975723,0.10432739555835724,0.10615794360637665,0.10798849165439606,0.10981904715299606,0.11164959520101547,0.11348014324903488,0.11531069874763489,0.1171412467956543,0.1189717948436737,0.12080235034227371,0.12263289839029312,0.12446344643831253,0.12629400193691254,0.12812454998493195]},"train_bwd_loss_epoch":0.13489635288715363,"gradients/encode.0.weight":{"values":[57,15,80,50,97,83,108,122,180,271,281,593,612,611,609,661,793,900,983,1020,1249,1317,1812,1923,2375,3226,4421,5824,10161,20108,8750,5818,4009,3196,2534,1780,1518,1582,1145,1545,1254,1009,936,868,712,816,440,182,178,215,242,186,309,85,87,14,12,5,3,8,11,2,3,4],"bins":[-0.006411474198102951,-0.006193068809807301,-0.005974662955850363,-0.005756257567554712,-0.0055378517135977745,-0.005319446325302124,-0.005101040471345186,-0.004882635083049536,-0.004664229229092598,-0.0044458238407969475,-0.00422741798684001,-0.004009012598544359,-0.003790606977418065,-0.003572201356291771,-0.003353795735165477,-0.0031353901140391827,-0.0029169844929128885,-0.0026985788717865944,-0.0024801732506603003,-0.002261767629534006,-0.002043362008407712,-0.0018249565036967397,-0.0016065508825704455,-0.0013881452614441514,-0.0011697396403178573,-0.0009513340191915631,-0.000732928398065269,-0.0005145228351466358,-0.00029611721402034163,-7.771160744596273e-05,0.00014069399912841618,0.00035909959115087986,0.000577505212277174,0.0007959108334034681,0.0010143164545297623,0.0012327220756560564,0.0014511276967823505,0.0016695332014933228,0.001887938822619617,0.002106344560161233,0.002324750181287527,0.0025431555695831776,0.0027615611907094717,0.002979966811835766,0.00319837243296206,0.003416778054088354,0.0036351836752146482,0.0038535892963409424,0.004071994684636593,0.004290400538593531,0.004508805926889181,0.004727211780846119,0.004945617169141769,0.005164023023098707,0.005382428411394358,0.0056008342653512955,0.005819239653646946,0.006037645507603884,0.006256050895899534,0.006474456749856472,0.0066928621381521225,0.00691126799210906,0.007129673380404711,0.0073480792343616486,0.007566484622657299],"_type":"histogram"},"gradients/decode.2.weight":{"_type":"histogram","values":[5,4,13,39,74,146,248,460,694,1079,1656,2512,4680,12595,32978,4071,3191,2945,2659,3018,2598,2435,2235,2324,2237,1993,1645,1468,1398,1195,1088,980,862,727,689,540,471,389,318,241,169,148,154,105,105,92,82,60,50,32,27,18,16,11,7,5,5,6,3,3,1,0,0,1],"bins":[-0.017210492864251137,-0.01600649766623974,-0.01480250246822834,-0.013598507270216942,-0.012394512072205544,-0.01119051780551672,-0.009986522607505322,-0.008782527409493923,-0.007578532211482525,-0.0063745370134711266,-0.005170541815459728,-0.003966547083109617,-0.002762551885098219,-0.0015585568035021424,-0.00035456172190606594,0.0008494333596900105,0.002053428441286087,0.0032574236392974854,0.004461418837308884,0.005665413569658995,0.006869408767670393,0.008073403500020504,0.009277398698031902,0.0104813938960433,0.011685389094054699,0.012889384292066097,0.014093379490077496,0.015297374688088894,0.016501368954777718,0.017705364152789116,0.018909359350800514,0.020113354548811913,0.02131734788417816,0.02252134308218956,0.023725338280200958,0.024929333478212357,0.026133328676223755,0.027337323874235153,0.02854131907224655,0.02974531427025795,0.030949309468269348,0.032153304666280746,0.033357299864292145,0.03456129506230354,0.03576529026031494,0.03696928545832634,0.03817328065633774,0.039377275854349136,0.040581271052360535,0.041785262525081635,0.04298925772309303,0.04419325292110443,0.04539724811911583,0.04660124331712723,0.047805238515138626,0.049009233713150024,0.05021322891116142,0.05141722410917282,0.05262121930718422,0.05382521450519562,0.055029209703207016,0.056233204901218414,0.05743720009922981,0.05864119529724121,0.05984519049525261]},"_runtime":5.133374521,"test_bwd_loss_epoch":0.15060800313949585,